Business_ID,Business_Name,Industry,Average_Monthly_Revenue,Average_Monthly_Expense,Expense_Ratio,Cash_Buffer_Days,Average_Balance,Minimum_Balance,Maximum_Balance,Income_Volatility,Revenue_Growth,GST_Regularity_Score,Bounce_Count,Monthly_Savings_Rate,EMI_Ratio,Credit_Frequency,Debit_Frequency,Cash_Deposit_Ratio,Digital_Payment_Ratio,Business_Stability_Index,Growth_Index,Liquidity_Score
MSME001,Balaji Residency,Hotel,830036.19,702794.44,0.8467,48.42,1134411.37,369983.33,2037799.2,0.2239,0.071,1.0,0,0.1533,0.0,125.08,37.5,0.2429,0.7601,0.634,0.071,0.8842
MSME002,Star Transport,Transport Service,1105625.21,1097680.56,0.9928,12.2,446375.45,82502.44,822523.14,0.0987,-0.0443,1.0,0,0.0072,0.1055,86.17,48.0,0.2117,0.6849,0.5328,-0.0443,0.522
MSME003,Kanpur Provisions,Grocery Store,537660.01,594065.1,1.1049,-13.56,-268575.99,-404158.64,377131.9,0.2113,0.1976,0.75,4,-0.1049,0.3848,139.08,38.08,0.3723,0.7335,0.5943,0.1976,0.0
MSME004,Om Sai Home Appliances,Electronics Shop,883339.53,814615.42,0.9222,21.46,582614.91,12186.26,1106974.95,0.1154,-0.0045,1.0,0,0.0778,0.0,98.5,35.0,0.1242,0.7834,0.5457,-0.0045,0.6146
MSME005,Bharat Family Dhaba,Restaurant,962430.61,877119.96,0.9114,17.4,508756.38,11590.81,1185125.28,0.0954,0.201,1.0,0,0.0886,0.0523,140.08,50.08,0.3194,0.7417,0.6789,0.201,0.574
MSME006,Krishna Constructions,Construction Contractor,2492757.93,2218534.63,0.89,25.26,1868119.8,91347.81,3778691.14,0.1792,0.237,1.0,0,0.11,0.0,58.5,34.5,0.0942,0.7113,0.6434,0.237,0.6526
MSME007,Shree Industries,Manufacturing Unit,1934598.03,1718180.05,0.8881,28.04,1606164.08,82723.11,3279619.08,0.1318,0.3083,1.0,0,0.1119,0.0,83.67,39.75,0.0495,0.7153,0.6677,0.3083,0.6804
MSME008,Star Tools,Hardware Store,1172087.03,1208421.96,1.031,1.2,48209.49,-219768.54,428279.69,0.1619,0.1491,0.6667,4,-0.031,0.1849,115.33,36.58,0.2712,0.7325,0.619,0.1491,0.1162
MSME009,Ganesh Garments,Garment Store,1299376.72,1207955.47,0.9296,22.05,887756.57,76372.95,1533647.99,0.1681,-0.0898,1.0,0,0.0704,0.0913,126.33,42.17,0.3086,0.7209,0.5171,-0.0898,0.6205
MSME010,Star Farm Supplies,Agriculture Supply,848032.93,722208.05,0.8516,40.1,965307.93,198232.25,1908468.86,0.1824,0.1075,1.0,0,0.1484,0.0,102.33,36.42,0.3517,0.6267,0.6533,0.1075,0.801
MSME011,Balaji Kirana,Grocery Store,860495.88,854952.37,0.9936,5.81,165513.45,-107605.29,384796.53,0.1093,0.217,1.0,0,0.0064,0.0962,140.0,35.75,0.5229,0.6213,0.6473,0.217,0.2801
MSME012,Sri Manufacturing,Manufacturing Unit,2342832.75,2402909.35,1.0256,-1.99,-159158.23,-766234.14,883005.69,0.116,0.1046,0.5833,2,-0.0256,0.1963,95.67,41.08,0.0559,0.7899,0.642,0.1046,0.0808
MSME013,Royal Pharmacy,Pharmacy,818216.62,759689.72,0.9285,18.56,469969.09,23715.9,981044.0,0.0457,0.0673,1.0,0,0.0715,0.0726,140.08,38.08,0.316,0.7308,0.6986,0.0673,0.5856
MSME014,Kolkata Farm Supplies,Agriculture Supply,884672.1,801058.48,0.9055,22.07,589316.55,16222.85,1142994.61,0.1742,0.0827,1.0,0,0.0945,0.0643,87.5,35.25,0.3379,0.646,0.6413,0.0827,0.6207
MSME015,Sri Bakers,Bakery,359143.8,356722.97,0.9933,14.41,171306.09,25164.07,322528.17,0.279,-0.0242,1.0,0,0.0067,0.1152,138.58,38.33,0.5028,0.6319,0.4425,-0.0242,0.5441
MSME016,Bharat Dairy,Dairy,1060317.14,997415.13,0.9407,21.16,703520.85,89940.9,1184954.88,0.0241,0.0237,1.0,0,0.0593,0.0,140.0,46.0,0.6064,0.5573,0.7057,0.0237,0.6116
MSME017,Bharat Medicals,Pharmacy,1143252.78,1152336.44,1.0079,-3.08,-118290.79,-452536.87,378469.17,0.1015,-0.0318,0.9167,2,-0.0079,0.2251,138.42,39.83,0.3064,0.7646,0.5293,-0.0318,0.0697
MSME018,Varanasi Telecom,Mobile Shop,1146145.71,1193477.05,1.0413,-3.65,-145266.74,-387449.37,347587.21,0.2984,-0.0702,0.6667,2,-0.0413,0.1364,107.08,38.92,0.179,0.7996,0.4308,-0.0702,0.0673
MSME019,Shree Cargo Movers,Logistics Company,2252704.01,2135206.91,0.9478,17.86,1270993.42,75468.95,2162860.12,0.3147,-0.1145,1.0,0,0.0522,0.056,95.25,52.17,0.0631,0.7092,0.4383,-0.1145,0.5786
MSME020,Annapurna Kitchen,Restaurant,1008751.56,877905.62,0.8703,31.0,907102.62,56606.91,1788114.5,0.0712,-0.0314,1.0,0,0.1297,0.0,140.17,44.33,0.3449,0.7006,0.5833,-0.0314,0.71
MSME021,Bharat Motors,Automobile Workshop,604176.94,586583.29,0.9709,14.4,281515.51,28903.03,463709.31,0.0793,-0.1538,1.0,0,0.0291,0.1001,134.33,43.25,0.3241,0.6921,0.5491,-0.1538,0.544
MSME022,Royal Hotel,Hotel,1266451.7,1094773.81,0.8644,38.93,1420658.57,127092.3,2492757.28,0.3654,-0.3884,0.9167,0,0.1356,0.0,122.67,39.83,0.2518,0.7498,0.4379,-0.3884,0.7893
MSME023,Ganesh Wood Craft,Furniture Manufacturer,1028292.91,1031781.59,1.0034,13.08,449801.83,26111.63,929059.84,0.2128,0.0844,1.0,0,-0.0034,0.1672,95.25,41.0,0.0744,0.7694,0.5936,0.0844,0.5308
MSME024,Star Medi Store,Pharmacy,670734.82,549824.74,0.8197,49.05,898962.03,127727.74,1734707.39,0.026,0.0164,1.0,0,0.1803,0.0,134.92,37.75,0.2758,0.7601,0.7411,0.0164,0.8905
MSME025,Mysuru Constructions,Construction Contractor,2674862.47,2661181.92,0.9949,1.19,105515.49,-941733.51,1111707.03,0.1849,0.3808,1.0,0,0.0051,0.1155,68.75,43.42,0.0754,0.7573,0.6091,0.3808,0.1156
MSME026,Royal General Store,Grocery Store,516148.91,504330.28,0.9771,15.89,267074.13,6142.67,455040.51,0.2141,0.085,1.0,0,0.0229,0.0783,140.0,32.0,0.5355,0.5826,0.5998,0.085,0.5589
MSME027,Krishna Tools,Hardware Store,770804.74,767703.63,0.996,4.12,105531.75,-184871.04,364592.44,0.2065,0.545,1.0,0,0.004,0.0996,127.25,36.0,0.2859,0.7049,0.598,0.545,0.156
MSME028,Rajesh Restaurant,Restaurant,1259153.12,1118426.37,0.8882,29.03,1082152.02,43663.9,2062284.39,0.0496,-0.0029,1.0,0,0.1118,0.0,140.0,43.75,0.3367,0.7207,0.5887,-0.0029,0.6903
MSME029,Sri Motors,Automobile Workshop,748943.61,723488.27,0.966,11.11,267836.57,13306.62,497979.95,0.1027,-0.1428,1.0,0,0.034,0.0627,128.33,50.83,0.3298,0.6903,0.5389,-0.1428,0.5111
MSME030,New Family Dhaba,Restaurant,1170419.77,1176690.94,1.0054,-1.59,-62307.31,-514930.61,386027.51,0.1505,0.3225,1.0,0,-0.0054,0.1356,140.08,47.5,0.3434,0.7393,0.6248,0.3225,0.0867
MSME031,Krishna Restaurant,Restaurant,1005345.35,928445.11,0.9235,22.0,680707.01,11258.35,1174360.07,0.1165,-0.1064,1.0,0,0.0765,0.0592,140.25,50.08,0.3367,0.7255,0.5447,-0.1064,0.62
MSME032,Ganesh Kitchen,Restaurant,1191083.5,1197738.58,1.0056,0.23,9314.06,-379714.99,462759.89,0.1511,0.2719,1.0,0,-0.0056,0.125,140.25,47.75,0.3254,0.7282,0.6245,0.2719,0.1034
MSME033,Krishna Doodh Bhandar,Dairy,562334.06,525686.65,0.9348,31.21,546833.03,277366.05,812325.28,0.0326,-0.0073,1.0,0,0.0652,0.0,140.0,41.67,0.5815,0.5597,0.5832,-0.0073,0.7121
MSME034,Balaji Family Dhaba,Restaurant,1482986.4,1457057.69,0.9825,2.93,142494.6,-289549.61,763669.26,0.1165,0.2655,1.0,0,0.0175,0.105,140.17,46.83,0.3431,0.734,0.647,0.2655,0.1343
MSME035,Krishna Pharmacy,Pharmacy,520278.99,514795.33,0.9895,7.61,130549.51,9534.97,287594.46,0.0864,0.0534,1.0,0,0.0105,0.1066,140.67,38.92,0.27,0.7807,0.66,0.0534,0.4761
MSME036,Om Sai Freight Services,Logistics Company,1871577.76,1889821.57,1.0097,-0.08,-4940.26,-385955.45,654295.8,0.1947,-0.0463,0.5833,4,-0.0097,0.1132,97.58,47.75,0.0513,0.7241,0.4827,-0.0463,0.1037
MSME037,Royal Health Care,Medical Shop,786377.48,696985.55,0.8863,25.34,588765.05,10780.4,1226136.99,0.0435,0.0486,1.0,0,0.1137,0.0,134.58,39.08,0.3495,0.7178,0.7124,0.0486,0.6534
MSME038,Sri Restaurant,Restaurant,1408254.96,1431220.47,1.0163,2.74,130622.88,-327499.28,544330.85,0.055,-0.0544,0.8333,3,-0.0163,0.1587,140.33,46.0,0.3287,0.7445,0.5525,-0.0544,0.1375
MSME039,Warangal Apparels,Garment Store,1079284.41,902580.15,0.8363,43.22,1300264.04,21419.23,2373104.87,0.2378,-0.0761,1.0,0,0.1637,0.0,128.83,36.92,0.2741,0.7348,0.5102,-0.0761,0.8322
MSME040,Balaji Health Care,Medical Shop,738025.52,695251.01,0.942,16.77,388578.29,32627.6,713905.18,0.0524,-0.0379,1.0,0,0.058,0.0957,132.67,39.75,0.3586,0.716,0.5712,-0.0379,0.5677
MSME041,Manoj Industries,Manufacturing Unit,2022765.77,2058880.29,1.0179,12.15,833582.99,33812.73,1663728.4,0.1156,0.0323,1.0,0,-0.0179,0.1369,86.08,41.42,0.04,0.7663,0.6422,0.0323,0.5215
MSME042,New Provisions,Grocery Store,846337.36,752769.25,0.8894,33.45,839272.61,248683.67,1473652.25,0.1988,-0.0406,1.0,0,0.1106,0.0,136.58,35.17,0.545,0.5987,0.5138,-0.0406,0.7345
MSME043,Star Offset Press,Printing Press,477411.9,438160.43,0.9178,19.81,289276.78,9941.16,624810.82,0.1012,-0.012,0.5,0,0.0822,0.061,90.75,38.0,0.0854,0.7783,0.5541,-0.012,0.5981
MSME044,Shree Carriers,Transport Service,728113.76,726376.37,0.9976,10.08,244044.08,14370.73,489914.0,0.1434,-0.0621,1.0,0,0.0024,0.1738,95.42,51.42,0.1721,0.7148,0.509,-0.0621,0.5008
MSME045,Star Kitchen,Restaurant,1393107.43,1327852.91,0.9532,16.09,712325.74,8586.32,1338913.21,0.0478,-0.0494,1.0,0,0.0468,0.0735,140.08,48.67,0.3436,0.7175,0.5702,-0.0494,0.5609
MSME046,Star Health Care,Medical Shop,556801.19,519703.84,0.9334,21.47,371937.72,10841.91,647624.91,0.0354,0.0097,1.0,0,0.0666,0.0705,123.83,39.83,0.3422,0.7274,0.7023,0.0097,0.6147
MSME047,Anita Tools,Hardware Store,468653.52,512568.9,1.0937,-14.91,-254733.35,-413066.42,310722.38,0.2395,0.3136,0.75,0,-0.0937,0.2911,124.25,40.67,0.2444,0.7577,0.5802,0.3136,0.0
MSME048,Ganesh Doodh Bhandar,Dairy,1000678.35,1066396.15,1.0657,-5.4,-191844.07,-455150.74,521511.97,0.17,0.0971,0.75,4,-0.0657,0.1744,140.92,47.67,0.518,0.6304,0.615,0.0971,0.0461
MSME049,Ganesh Roadways,Transport Service,600933.81,602656.73,1.0029,9.61,192980.45,13549.28,375293.77,0.1989,0.2901,1.0,0,-0.0029,0.1707,103.5,52.17,0.1964,0.7028,0.6006,0.2901,0.4961
MSME050,Annapurna General Store,Grocery Store,709940.89,701638.32,0.9883,7.69,179772.16,1389.9,344937.05,0.1043,0.1949,1.0,0,0.0117,0.0886,138.58,37.83,0.5624,0.6055,0.6513,0.1949,0.4769
MSME051,Krishna Carriers,Transport Service,1080516.24,943108.63,0.8728,38.39,1206949.07,244617.59,2188888.38,0.0761,0.0431,1.0,0,0.1272,0.0,92.67,50.58,0.2045,0.6709,0.7001,0.0431,0.7839
MSME052,Shree Provisions,Grocery Store,508323.74,450002.99,0.8853,31.73,475918.24,11837.71,832076.62,0.2014,-0.1051,1.0,0,0.1147,0.0,138.0,32.5,0.5381,0.6119,0.5137,-0.1051,0.7173
MSME053,Om Sai Constructions,Construction Contractor,1246424.48,1312530.16,1.053,-2.79,-122151.76,-495004.54,747106.5,0.2108,0.0538,0.5833,1,-0.053,0.2082,69.75,38.08,0.0775,0.7679,0.5946,0.0538,0.0725
MSME054,Ganesh Agri Centre,Agriculture Supply,800688.1,876076.85,1.0942,-12.71,-371050.03,-751496.61,396080.29,0.3112,-0.0267,0.6667,0,-0.0942,0.3353,103.58,40.33,0.3124,0.7146,0.4244,-0.0267,0.0
MSME055,Shree Digital World,Electronics Shop,1026636.49,949117.66,0.9245,30.93,978664.65,339337.72,1637733.5,0.169,-0.0383,1.0,0,0.0755,0.0,100.42,37.5,0.1742,0.7769,0.5181,-0.0383,0.7093
MSME056,Krishna General Store,Grocery Store,585256.83,593356.68,1.0138,8.17,161515.38,10770.09,330122.31,0.2328,0.0788,1.0,0,-0.0138,0.1427,138.58,36.5,0.5326,0.6118,0.5836,0.0788,0.4817
MSME057,Jodhpur Transport,Transport Service,1112533.43,1114388.87,1.0017,8.91,331001.3,36354.7,735697.74,0.1385,0.1848,1.0,0,-0.0017,0.1014,82.08,50.25,0.1936,0.6715,0.6308,0.1848,0.4891
MSME058,Kolkata Wood Craft,Furniture Manufacturer,1721832.16,1603128.52,0.9311,19.28,1030252.8,52551.01,2066546.34,0.1877,0.0779,1.0,0,0.0689,0.078,92.67,39.33,0.1106,0.7312,0.6268,0.0779,0.5928
MSME059,Deepak Medi Store,Pharmacy,1047936.21,1078836.85,1.0295,-4.35,-156587.85,-400615.82,293853.46,0.1735,0.1602,0.4167,1,-0.0295,0.2737,138.58,39.17,0.2533,0.7904,0.6133,0.1602,0.0583
MSME060,Shree Krishi Kendra,Agriculture Supply,694526.7,738314.32,1.063,-3.23,-79429.67,-289975.2,653649.31,0.2496,0.2568,1.0,0,-0.063,0.2824,108.92,39.33,0.2842,0.734,0.5752,0.2568,0.0689
MSME061,Annapurna Transport,Transport Service,1273205.77,1211210.82,0.9513,11.74,474078.35,25196.36,1030725.06,0.1196,0.2598,1.0,0,0.0487,0.0801,93.67,51.5,0.1897,0.6784,0.6548,0.2598,0.5174
MSME062,Royal Kitchen,Restaurant,1348599.74,1167436.72,0.8657,36.14,1406490.85,31548.01,2556527.1,0.0564,0.0219,1.0,0,0.1343,0.0,140.0,46.58,0.3616,0.7093,0.7121,0.0219,0.7614
MSME063,Royal Family Dhaba,Restaurant,1149178.21,1087937.75,0.9467,17.54,636043.14,48988.22,1197781.24,0.0727,0.1329,1.0,0,0.0533,0.075,140.0,46.5,0.3591,0.7179,0.6796,0.1329,0.5754
MSME064,Krishna Mobile World,Mobile Shop,943363.9,876297.82,0.9289,19.73,576279.59,11611.34,968947.5,0.2949,-0.1374,1.0,0,0.0711,0.0,106.67,35.0,0.1915,0.798,0.4539,-0.1374,0.5973
MSME065,Balaji Motors,Automobile Workshop,610753.03,522667.8,0.8558,39.05,680263.31,17146.09,1219491.14,0.0995,-0.0209,1.0,0,0.1442,0.0,125.67,47.75,0.3457,0.688,0.5735,-0.0209,0.7905
MSME066,Bharat Medi Plus,Medical Shop,825563.46,833852.51,1.01,8.92,248063.53,-113031.26,501679.02,0.0957,0.2541,1.0,0,-0.01,0.1302,133.58,42.25,0.366,0.7344,0.6521,0.2541,0.345
MSME067,Bharat Mobile World,Mobile Shop,1096786.87,1082803.37,0.9873,8.53,307841.12,19855.92,680347.64,0.3656,-0.0712,1.0,0,0.0127,0.0846,108.92,39.33,0.1835,0.8008,0.401,-0.0712,0.4853
MSME068,Balaji Service Point,Automobile Workshop,854215.74,737350.54,0.8632,34.87,856942.99,17617.66,1591108.6,0.0976,-0.1275,1.0,0,0.1368,0.0,136.25,47.33,0.3448,0.6821,0.5722,-0.1275,0.7487
MSME069,Annapurna Service Point,Automobile Workshop,549373.84,600333.12,1.0928,-5.86,-117210.52,-356149.66,456014.12,0.274,0.6739,0.5833,5,-0.0928,0.3298,122.92,44.58,0.2766,0.7671,0.563,0.6739,0.0458
MSME070,Krishna Medicals,Pharmacy,624935.6,631930.59,1.0112,14.75,310801.19,115108.61,526081.86,0.0344,0.0413,1.0,0,-0.0112,0.1645,138.58,35.92,0.3093,0.7414,0.6828,0.0413,0.5475
MSME071,Shree Medicals,Medical Shop,645847.11,604503.77,0.936,20.87,420518.73,22539.74,803391.32,0.0389,-0.0516,1.0,0,0.064,0.0911,135.92,39.17,0.3309,0.7413,0.5797,-0.0516,0.6087
MSME072,New Farm Supplies,Agriculture Supply,928111.43,788319.16,0.8494,47.35,1244326.73,360337.39,2219036.67,0.1634,0.2226,1.0,0,0.1506,0.0,105.08,40.5,0.3427,0.6578,0.6635,0.2226,0.8735
MSME073,Shree Cafe,Cafe,494788.49,506679.28,1.024,-0.69,-11673.79,-136523.98,157945.5,0.0878,-0.0207,0.5,4,-0.024,0.1008,140.67,31.33,0.2559,0.7698,0.5361,-0.0207,0.101
MSME074,Star Kirana,Grocery Store,508560.83,450884.45,0.8866,33.93,509888.14,110378.48,873416.26,0.2351,-0.0988,1.0,0,0.1134,0.0,137.33,36.33,0.5266,0.6027,0.4965,-0.0988,0.7393
MSME075,Star Motors,Automobile Workshop,946126.18,826481.07,0.8735,24.13,664797.54,-8654.71,1608917.43,0.1235,0.3363,1.0,0,0.1265,0.0,132.83,45.58,0.3448,0.665,0.6762,0.3363,0.6318
MSME076,Om Sai Milk Products,Dairy,946062.69,877462.35,0.9275,19.65,574680.78,16383.17,1075488.83,0.0359,-0.0551,1.0,0,0.0725,0.0,140.08,44.58,0.5904,0.5662,0.5838,-0.0551,0.5965
MSME077,Bharat Industries,Manufacturing Unit,838828.16,751095.64,0.8954,68.91,1725348.77,979915.87,2311577.27,0.1989,-0.201,0.8333,0,0.1046,0.0,87.75,40.08,0.0651,0.7147,0.5119,-0.201,1.0
MSME078,Om Sai Bakery,Bakery,410845.1,401231.25,0.9766,12.57,168115.45,14364.89,299795.3,0.24,0.0327,1.0,0,0.0234,0.1062,138.5,36.33,0.4928,0.6489,0.587,0.0327,0.5257
MSME079,Om Sai Transport,Transport Service,623129.16,590822.81,0.9482,17.26,339917.16,31811.68,563862.37,0.1042,-0.0507,1.0,0,0.0518,0.0683,86.92,46.42,0.1774,0.6782,0.5435,-0.0507,0.5726
MSME080,Jodhpur Confectionery,Bakery,459535.9,382949.5,0.8333,45.39,579360.55,87823.22,1060046.89,0.2404,-0.0914,0.5,0,0.1667,0.0,139.17,32.5,0.5058,0.6226,0.5098,-0.0914,0.8539
MSME081,Ganesh Milk Products,Dairy,863651.37,852092.36,0.9866,6.72,190874.35,16898.05,420220.8,0.0857,-0.0961,1.0,0,0.0134,0.0688,140.42,47.08,0.5863,0.594,0.5411,-0.0961,0.4672
MSME082,Balaji Digital World,Electronics Shop,1399394.51,1384057.45,0.989,8.16,376405.88,25667.49,1031847.87,0.2506,-0.2271,1.0,0,0.011,0.0933,112.42,38.83,0.1555,0.7965,0.458,-0.2271,0.4816
MSME083,Sri Fashions,Garment Store,1336778.74,1116097.38,0.8349,39.75,1478747.1,151199.3,2910415.23,0.2487,-0.1319,1.0,0,0.1651,0.0,133.25,35.17,0.2851,0.7166,0.5052,-0.1319,0.7975
MSME084,New Bistro,Cafe,534693.74,536810.17,1.004,-0.01,-139.86,-145926.26,196516.0,0.1407,0.2513,1.0,0,-0.004,0.1428,140.5,38.75,0.2365,0.7916,0.6297,0.2513,0.103
MSME085,Ganesh Krishi Kendra,Agriculture Supply,618048.62,530736.08,0.8587,37.38,661216.82,18089.8,1198792.75,0.154,0.0616,1.0,0,0.1413,0.0,104.25,37.58,0.3303,0.6629,0.6654,0.0616,0.7738
MSME086,Star Infra,Construction Contractor,1442041.11,1271191.14,0.8815,38.68,1638791.84,388976.73,2862604.86,0.133,0.0222,0.6667,0,0.1185,0.0,58.67,41.67,0.1046,0.6987,0.6691,0.0222,0.7868
MSME087,Sri Agri Centre,Agriculture Supply,1035625.36,877616.79,0.8474,43.52,1273234.67,151328.06,2377785.71,0.162,0.0461,1.0,0,0.1526,0.0,103.17,34.92,0.3664,0.6406,0.6648,0.0461,0.8352
MSME088,Radha General Store,Grocery Store,862084.52,828364.03,0.9609,15.04,415219.85,23437.76,820942.58,0.309,-0.0475,1.0,0,0.0391,0.0841,137.67,40.67,0.5313,0.6061,0.4372,-0.0475,0.5504
MSME089,Annapurna Cafe,Cafe,535275.98,586526.26,1.0957,-6.59,-128920.69,-333356.36,399175.75,0.2561,-0.3369,0.8333,0,-0.0957,0.2455,140.58,37.0,0.2159,0.8046,0.452,-0.3369,0.0382
MSME090,Sri Medi Plus,Medical Shop,701236.56,718961.53,1.0253,-0.81,-19466.12,-169408.17,249817.68,0.1122,0.0968,0.75,4,-0.0253,0.1772,136.42,41.0,0.3288,0.747,0.6439,0.0968,0.1025
MSME091,Royal Furniture Works,Furniture Manufacturer,1960872.99,1787581.19,0.9116,24.26,1445522.97,41066.35,2746299.55,0.0805,0.0869,1.0,0,0.0884,0.0795,94.5,43.0,0.1084,0.7489,0.6863,0.0869,0.6426
MSME092,Om Sai Carriers,Transport Service,849364.03,801632.01,0.9438,17.25,461058.37,14054.33,895367.89,0.0765,0.043,1.0,0,0.0562,0.0607,87.58,49.58,0.2335,0.6684,0.6786,0.043,0.5725
MSME093,Krishna Fabrics,Textile Shop,1014489.92,962386.43,0.9486,11.49,368577.44,12735.18,847048.96,0.163,0.0615,1.0,0,0.0514,0.1215,108.58,41.67,0.2499,0.7281,0.6339,0.0615,0.5149
MSME094,Royal Coffee House,Cafe,570435.89,517685.09,0.9075,27.19,469267.99,22586.46,914134.65,0.0538,0.0333,1.0,0,0.0925,0.0,140.0,37.58,0.2658,0.7621,0.7009,0.0333,0.6719
MSME095,Royal Medicals,Medical Shop,747031.9,641045.65,0.8581,40.35,862188.0,38030.34,1419899.91,0.0503,-0.0898,1.0,0,0.1419,0.0,136.08,35.0,0.3571,0.6759,0.5974,-0.0898,0.8035
MSME096,Sri Industries,Manufacturing Unit,1175481.96,1159027.51,0.986,10.76,415829.32,27362.77,855446.8,0.1303,0.2045,1.0,0,0.014,0.131,90.5,44.25,0.052,0.7435,0.6391,0.2045,0.5076
MSME097,Ritu Telecom,Mobile Shop,554918.21,547048.24,0.9858,8.86,161538.64,24985.82,277667.81,0.1874,-0.0879,1.0,0,0.0142,0.0,98.92,38.17,0.1693,0.7925,0.4905,-0.0879,0.4886
MSME098,Annapurna Products,Manufacturing Unit,1744774.41,1768073.98,1.0134,9.75,574873.01,29364.74,1186185.01,0.1815,0.1624,1.0,0,-0.0134,0.154,89.33,45.83,0.041,0.7732,0.6092,0.1624,0.4975
MSME099,Star Textiles,Textile Shop,771937.71,799190.9,1.0353,-1.46,-38799.86,-229232.82,254894.37,0.1672,0.0409,0.75,3,-0.0353,0.1994,116.5,37.17,0.2319,0.7496,0.6164,0.0409,0.0921
MSME100,New Mobiles,Mobile Shop,762538.38,786503.95,1.0314,-4.09,-107303.29,-300142.87,246527.98,0.398,-0.0356,0.8333,0,-0.0314,0.1581,106.75,36.58,0.1597,0.8146,0.381,-0.0356,0.0614
MSME101,Royal Auto Garage,Automobile Workshop,684366.1,671492.3,0.9812,11.94,267219.84,34915.54,487500.49,0.073,0.1733,1.0,0,0.0188,0.1166,130.58,45.92,0.3624,0.6914,0.6692,0.1733,0.5194
MSME102,Shree Manufacturing,Manufacturing Unit,1332219.96,1195548.01,0.8974,25.76,1026669.23,181042.69,2098756.57,0.1227,0.2268,1.0,0,0.1026,0.0,83.25,39.58,0.0433,0.7186,0.6694,0.2268,0.6576
MSME103,Shree Family Dhaba,Restaurant,895380.41,788003.42,0.8801,30.56,802744.68,82793.96,1587186.27,0.0524,0.0052,1.0,0,0.1199,0.0,140.0,44.75,0.3288,0.7308,0.7098,0.0052,0.7056
MSME104,New Electronics,Electronics Shop,1576503.18,1422704.77,0.9024,29.09,1379588.03,127863.1,2477338.43,0.2931,-0.0391,1.0,0,0.0976,0.0,101.17,38.08,0.1626,0.7778,0.4627,-0.0391,0.6909
MSME105,New Residency,Hotel,1114944.86,1013347.39,0.9089,22.79,769654.24,38052.27,1519573.32,0.1868,-0.0639,1.0,0,0.0911,0.0627,132.0,36.33,0.247,0.7788,0.514,-0.0639,0.6279
MSME106,Mumbai Cafe,Cafe,598431.64,598750.36,1.0005,0.61,12219.17,-124723.49,177558.28,0.0926,0.0841,0.5833,2,-0.0005,0.1441,140.5,37.83,0.2328,0.7812,0.6537,0.0841,0.1364
MSME107,Ganesh Apparels,Garment Store,1049473.35,1032157.0,0.9835,7.34,252678.79,7024.59,644701.25,0.307,0.0388,1.0,0,0.0165,0.0887,135.92,39.25,0.2945,0.7366,0.5515,0.0388,0.4734
MSME108,Ganesh Mobile World,Mobile Shop,439124.15,429361.34,0.9778,25.87,370243.34,197500.19,486418.74,0.1382,0.135,1.0,0,0.0222,0.0,86.75,37.25,0.2067,0.7588,0.6376,0.135,0.6587
MSME109,Om Sai Farm Supplies,Agriculture Supply,1329787.98,1259449.04,0.9471,17.53,735744.5,168462.27,1380446.65,0.1876,0.0308,1.0,0,0.0529,0.0818,103.83,35.67,0.3426,0.6694,0.6221,0.0308,0.5753
MSME110,Krishna Hardware,Hardware Store,816561.55,756646.89,0.9266,17.8,448969.95,5916.53,875360.67,0.126,0.0907,1.0,0,0.0734,0.0436,124.75,38.5,0.2958,0.7042,0.659,0.0907,0.578
MSME111,New Service Point,Automobile Workshop,519153.08,468425.34,0.9023,30.67,478819.98,88538.41,838886.38,0.0815,-0.021,1.0,0,0.0977,0.0,129.25,46.92,0.351,0.682,0.5686,-0.021,0.7067
MSME112,Ganesh Pharmacy,Pharmacy,905831.24,728172.63,0.8039,47.26,1147056.25,14125.26,2254713.17,0.0353,-0.0138,1.0,0,0.1961,0.0,139.0,35.42,0.3029,0.7346,0.6212,-0.0138,0.8726
MSME113,Thiruvananthapuram Bakery,Bakery,494155.88,481400.64,0.9742,11.05,177319.07,14144.86,349561.46,0.1861,0.0565,1.0,0,0.0258,0.106,140.25,36.25,0.4667,0.6716,0.6147,0.0565,0.5105
MSME114,Hyderabad Transport,Transport Service,604919.58,548975.42,0.9075,32.06,586636.04,162064.65,949481.83,0.1069,0.0185,1.0,0,0.0925,0.0,88.08,46.25,0.1888,0.6524,0.6743,0.0185,0.7206
MSME115,Shree General Store,Grocery Store,612336.8,656250.28,1.0717,-8.8,-192577.43,-341651.14,321771.49,0.2735,0.3581,0.5833,3,-0.0717,0.439,141.25,35.08,0.3714,0.7423,0.5632,0.3581,0.0148
MSME116,Balaji Provisions,Grocery Store,776620.15,675325.7,0.8696,34.08,767192.34,7655.76,1337659.16,0.2323,-0.1009,1.0,0,0.1304,0.0,139.75,35.5,0.5717,0.5901,0.503,-0.1009,0.7408
MSME117,Bharat Confectionery,Bakery,223506.17,206389.37,0.9234,37.96,261166.96,142205.26,390154.87,0.2141,-0.0623,1.0,0,0.0766,0.0,139.42,32.83,0.4947,0.6332,0.4959,-0.0623,0.7796
MSME118,Krishna Kitchen,Restaurant,1129291.61,972022.6,0.8607,37.71,1221790.88,58152.03,2275689.1,0.0669,-0.1029,1.0,0,0.1393,0.0,140.08,50.75,0.3402,0.7191,0.5883,-0.1029,0.7771
MSME119,Star General Store,Grocery Store,933442.45,818970.94,0.8774,29.64,809218.43,12702.77,1478717.4,0.1105,0.059,1.0,0,0.1226,0.0,140.08,34.42,0.5339,0.5785,0.6815,0.059,0.6964
MSME120,Bharat Printers,Printing Press,852407.42,708975.99,0.8317,40.01,945597.19,14392.79,1864317.11,0.05,-0.0382,1.0,0,0.1683,0.0,82.83,36.42,0.087,0.7577,0.6055,-0.0382,0.8001
MSME121,Annapurna Kirana,Grocery Store,788158.91,746111.1,0.9467,15.23,378742.71,26850.1,683802.85,0.1983,-0.1206,1.0,0,0.0533,0.0756,137.5,39.25,0.5496,0.6183,0.4968,-0.1206,0.5523
MSME122,Dehradun Kirana,Grocery Store,958038.76,905600.1,0.9453,14.29,431339.56,11294.19,848054.19,0.2034,-0.0787,1.0,0,0.0547,0.0636,138.17,36.58,0.538,0.6159,0.4947,-0.0787,0.5429
MSME123,Bharat Wood Craft,Furniture Manufacturer,922715.43,931644.91,1.0097,8.07,250713.58,20891.77,631503.3,0.1748,-0.0372,1.0,0,-0.0097,0.2084,87.75,36.5,0.0928,0.7758,0.4926,-0.0372,0.4807
MSME124,Star Roadways,Transport Service,1322443.92,1354497.36,1.0242,-0.77,-34618.67,-367153.37,420505.63,0.1302,-0.0462,0.75,5,-0.0242,0.1965,89.0,47.75,0.2019,0.7062,0.5149,-0.0462,0.0982
MSME125,New Confectionery,Bakery,272912.26,254770.11,0.9335,25.3,214829.54,53699.95,364679.05,0.1267,0.1417,1.0,0,0.0665,0.0,138.83,37.42,0.5161,0.6342,0.6566,0.1417,0.653
MSME126,New Interiors,Furniture Manufacturer,1338428.32,1319520.42,0.9859,12.53,551263.83,31797.09,1009522.85,0.1909,0.0885,1.0,0,0.0141,0.1264,82.0,42.25,0.1,0.7569,0.6088,0.0885,0.5253
MSME127,Naveen Furniture Works,Furniture Manufacturer,1428454.08,1212695.55,0.849,46.72,1888411.48,562127.55,3434218.25,0.1909,0.074,0.75,0,0.151,0.0,83.58,36.42,0.0998,0.7192,0.6498,0.074,0.8672
MSME128,Bharat Logistics,Logistics Company,2365617.1,2201717.14,0.9307,21.17,1553570.65,23694.07,2910789.68,0.3103,-0.035,1.0,0,0.0693,0.0597,86.83,48.33,0.0481,0.7386,0.4456,-0.035,0.6117
MSME129,Meena Wood Craft,Furniture Manufacturer,972596.58,839799.08,0.8635,34.33,960998.21,104383.68,1925986.85,0.1605,0.1843,1.0,0,0.1365,0.0,88.58,40.75,0.1163,0.7159,0.6607,0.1843,0.7433
MSME130,Shree Agri Centre,Agriculture Supply,904400.5,774507.57,0.8564,41.58,1073377.83,111429.01,2011118.95,0.1619,0.1618,1.0,0,0.1436,0.0,96.42,39.0,0.355,0.6432,0.6621,0.1618,0.8158
MSME131,Krishna Family Dhaba,Restaurant,895636.51,779565.39,0.8704,39.5,1026359.7,154648.55,1811462.42,0.0686,-0.0351,1.0,0,0.1296,0.0,140.0,46.5,0.3553,0.7172,0.5846,-0.0351,0.795
MSME132,Bharat Farm Supplies,Agriculture Supply,1006380.86,894506.06,0.8888,23.66,705575.66,12515.73,1490926.83,0.1793,0.1567,1.0,0,0.1112,0.0447,95.42,37.92,0.3407,0.6726,0.6437,0.1567,0.6366
MSME133,Bharat Mobiles,Mobile Shop,1251618.54,1178805.4,0.9418,18.76,737108.11,88517.14,1308312.83,0.2476,0.041,1.0,0,0.0582,0.0,105.67,34.83,0.2068,0.7807,0.5937,0.041,0.5876
MSME134,Star Sarees,Textile Shop,1797705.15,1707981.77,0.9501,19.11,1088077.98,68132.13,1981035.49,0.1465,0.0456,1.0,0,0.0499,0.0977,102.08,43.0,0.2612,0.7109,0.6417,0.0456,0.5911
MSME135,New Sanitary & Hardware,Hardware Store,665046.27,596695.8,0.8972,39.93,794226.97,322874.61,1295890.49,0.1606,0.2143,1.0,0,0.1028,0.0,135.0,41.08,0.2949,0.6904,0.6505,0.2143,0.7993
MSME136,Deepak Roadways,Transport Service,1138014.04,1049416.36,0.9221,19.95,697897.57,25581.83,1351826.0,0.1148,-0.1222,1.0,0,0.0779,0.0571,96.92,48.67,0.2154,0.6815,0.546,-0.1222,0.5995
MSME137,Annapurna Medi Store,Pharmacy,733344.78,735749.42,1.0033,9.27,227263.23,9816.16,501287.95,0.1867,0.1804,1.0,0,-0.0033,0.1577,137.92,39.0,0.2622,0.7846,0.6067,0.1804,0.4927
MSME138,Royal Industries,Manufacturing Unit,1470094.18,1295848.33,0.8815,29.66,1280989.49,126531.42,2555085.6,0.1091,-0.0563,1.0,0,0.1185,0.0,94.17,40.08,0.065,0.7218,0.561,-0.0563,0.6966
MSME139,Amit Fabrics,Textile Shop,1114099.83,1107299.06,0.9939,4.22,155656.15,-385090.07,568382.38,0.1416,-0.0061,0.3333,3,0.0061,0.1246,102.83,41.33,0.2272,0.7393,0.511,-0.0061,0.146
MSME140,Bharat Kirana,Grocery Store,637863.85,664529.4,1.0418,-3.55,-78537.82,-232290.98,255710.38,0.2284,0.0093,0.6667,1,-0.0418,0.1694,139.83,38.42,0.5152,0.6406,0.5858,0.0093,0.072
MSME141,New Sarees,Textile Shop,1084352.74,958740.06,0.8842,26.82,856984.49,21584.44,1812602.91,0.2192,0.3528,1.0,0,0.1158,0.0899,111.33,36.5,0.2253,0.7362,0.6252,0.3528,0.6682
MSME142,Ganesh Dairy,Dairy,728624.21,685644.37,0.941,25.74,588322.54,129496.57,929685.2,0.0308,-0.0122,1.0,0,0.059,0.0,140.0,47.25,0.5912,0.5631,0.5823,-0.0122,0.6574
MSME143,Krishna Digital World,Electronics Shop,1317886.89,1313991.14,0.997,8.11,355287.23,22028.02,872356.34,0.2626,-0.037,1.0,0,0.003,0.1372,104.42,37.75,0.1462,0.8211,0.4496,-0.037,0.4811
MSME144,Krishna Manufacturing,Manufacturing Unit,1620730.65,1562277.74,0.9639,15.81,823514.01,32611.19,1365162.72,0.1118,-0.1385,1.0,0,0.0361,0.105,92.58,38.92,0.03,0.7391,0.5349,-0.1385,0.5581
MSME145,Sri Sanitary & Hardware,Hardware Store,1251646.51,1081294.67,0.8639,26.59,958485.44,16687.25,2181830.51,0.1573,0.3349,1.0,0,0.1361,0.0,123.42,38.5,0.3079,0.6811,0.6622,0.3349,0.6659
MSME146,Krishna Sarees,Textile Shop,1017511.19,1008765.92,0.9914,18.88,634836.07,276200.29,960963.09,0.1507,0.205,1.0,0,0.0086,0.1627,89.17,40.08,0.2631,0.7044,0.6272,0.205,0.5888
MSME147,Om Sai Family Dhaba,Restaurant,733363.3,818116.5,1.1156,-14.19,-386854.24,-672830.18,600695.4,0.1276,0.3089,0.5833,5,-0.1156,0.3271,141.17,49.83,0.2623,0.7869,0.6362,0.3089,0.0
MSME148,Bharat Sarees,Textile Shop,1370609.67,1256829.23,0.917,19.79,829050.55,25602.28,1671180.29,0.1288,0.1732,1.0,0,0.083,0.0964,96.83,35.0,0.2384,0.7246,0.6605,0.1732,0.5979
MSME149,Manoj Garments,Garment Store,722629.17,743973.45,1.0295,-0.32,-7977.2,-261623.74,365480.54,0.2566,0.2796,1.0,0,-0.0295,0.1604,127.5,36.83,0.2905,0.7354,0.5717,0.2796,0.1368
MSME150,Om Sai Garments,Garment Store,1062584.03,1111821.83,1.0463,-6.96,-258015.53,-672251.45,354881.31,0.3033,-0.0166,0.8333,0,-0.0463,0.2018,129.75,40.42,0.2487,0.7754,0.4283,-0.0166,0.0377
MSME151,Annapurna Offset Press,Printing Press,729622.68,778549.39,1.0671,-6.49,-168491.89,-451071.39,357424.59,0.1511,0.1642,0.5,3,-0.0671,0.2528,92.33,40.58,0.0959,0.7836,0.6245,0.1642,0.0375
MSME152,Ritu Carriers,Transport Service,772436.36,766830.66,0.9927,3.31,84674.7,-134895.25,391447.98,0.0976,0.1069,1.0,0,0.0073,0.0903,96.25,47.75,0.2116,0.6777,0.6534,0.1069,0.1469
MSME153,Royal Electronics,Electronics Shop,769214.01,816229.63,1.0611,-7.77,-211451.62,-443229.89,406916.35,0.3002,0.2961,0.5,2,-0.0611,0.2729,108.42,38.42,0.1246,0.8364,0.5499,0.2961,0.0226
MSME154,Star Medicals,Pharmacy,845469.17,788064.7,0.9321,25.59,672226.76,241595.41,1205084.1,0.0715,0.1775,1.0,0,0.0679,0.0971,139.25,36.17,0.3073,0.7307,0.6846,0.1775,0.6559
MSME155,Krishna Bakery,Bakery,393225.35,346065.47,0.8801,33.05,381260.82,8841.77,676538.07,0.2596,-0.1234,1.0,0,0.1199,0.0,140.08,36.67,0.4967,0.6355,0.4862,-0.1234,0.7305
MSME156,Royal Mobile World,Mobile Shop,811331.86,831164.59,1.0244,9.49,262983.81,29561.09,580815.38,0.231,0.2031,1.0,0,-0.0244,0.1559,108.58,37.92,0.1636,0.8274,0.5845,0.2031,0.4949
MSME157,Royal Tools,Hardware Store,768495.23,803925.92,1.0461,-2.2,-59054.44,-300457.33,402361.6,0.3137,-0.0817,0.8333,0,-0.0461,0.23,127.0,39.67,0.2625,0.7548,0.4232,-0.0817,0.079
MSME158,Royal Farm Supplies,Agriculture Supply,1059484.52,913711.82,0.8624,34.72,1057478.33,76518.95,2049839.09,0.1075,0.0431,1.0,0,0.1376,0.0,116.67,33.08,0.3641,0.6291,0.6876,0.0431,0.7472
MSME159,Annapurna Industries,Manufacturing Unit,1135245.63,1149567.12,1.0126,9.08,348031.02,21487.13,724870.42,0.1265,-0.048,1.0,0,-0.0126,0.1282,89.5,39.83,0.0515,0.7504,0.5167,-0.048,0.4908
MSME160,Sri Cargo Movers,Logistics Company,1047638.42,1052888.55,1.005,12.21,428585.83,35687.21,909571.42,0.3497,-0.1156,1.0,0,-0.005,0.1457,90.67,49.0,0.0434,0.7478,0.4051,-0.1156,0.5221
MSME161,Suresh Apparels,Garment Store,764084.43,680898.84,0.8911,35.61,808219.62,171392.73,1423002.79,0.2016,-0.1873,0.6667,3,0.1089,0.0,135.5,38.75,0.2982,0.7276,0.5119,-0.1873,0.7561
MSME162,Ganesh Fashions,Garment Store,1244456.25,1231426.09,0.9895,7.44,305271.14,-289638.8,864773.15,0.2995,-0.1574,0.75,3,0.0105,0.1875,131.92,39.75,0.2976,0.7464,0.4334,-0.1574,0.175
MSME163,Ganesh Confectionery,Bakery,349766.29,315021.24,0.9007,38.73,406674.29,129078.57,679719.57,0.0854,-0.0627,1.0,0,0.0993,0.0,139.58,37.75,0.5066,0.6252,0.5671,-0.0627,0.7873
MSME164,Iqbal Manufacturing,Manufacturing Unit,1856098.8,1881697.58,1.0138,7.57,474708.69,52868.72,1043732.38,0.1056,0.0239,1.0,0,-0.0138,0.1295,81.83,36.92,0.0437,0.7439,0.6472,0.0239,0.4757
MSME165,Balaji Garments,Garment Store,1116743.16,1069285.02,0.9575,23.31,830879.21,294350.54,1241900.99,0.2051,-0.069,1.0,0,0.0425,0.0842,125.75,39.17,0.3212,0.7152,0.4902,-0.069,0.6331
MSME166,Naveen Doodh Bhandar,Dairy,1177317.91,1099246.8,0.9337,16.44,602364.65,109947.95,1204987.65,0.0311,-0.0257,1.0,0,0.0663,0.0,140.0,50.0,0.5862,0.5655,0.5843,-0.0257,0.5644
MSME167,Ganesh Medicals,Pharmacy,925649.82,831666.77,0.8985,28.48,789651.64,104412.82,1480224.81,0.0233,-0.0095,1.0,0,0.1015,0.0876,139.17,37.0,0.2968,0.7477,0.5988,-0.0095,0.6848
MSME168,Sri Tools,Hardware Store,651194.84,637535.84,0.979,9.3,197577.89,11812.2,396915.92,0.1843,0.1979,1.0,0,0.021,0.0929,127.0,40.0,0.3063,0.6995,0.6142,0.1979,0.493
MSME169,Dehradun Auto Garage,Automobile Workshop,992183.04,1014852.31,1.0228,-7.41,-250590.75,-530372.45,331434.96,0.1299,0.1074,0.5833,2,-0.0228,0.2773,135.17,51.75,0.3008,0.7365,0.6351,0.1074,0.031
MSME170,Balaji Sanitary & Hardware,Hardware Store,1012661.81,988098.13,0.9757,16.04,528441.81,221766.74,850030.34,0.142,0.2347,1.0,0,0.0243,0.1002,120.08,35.25,0.2723,0.6998,0.6363,0.2347,0.5604
MSME171,Om Sai Kirana,Grocery Store,824407.15,819921.63,0.9946,6.46,176491.92,7965.87,461258.19,0.1391,-0.045,1.0,0,0.0054,0.0803,139.75,36.08,0.5231,0.6456,0.5121,-0.045,0.4646
MSME172,New Fabrics,Textile Shop,1789693.95,1485559.87,0.8301,38.3,1896325.2,19108.77,3828178.89,0.109,0.0592,1.0,0,0.1699,0.0452,103.58,41.42,0.2549,0.6987,0.6965,0.0592,0.783
MSME173,Annapurna Home Appliances,Electronics Shop,1642644.68,1579809.05,0.9617,14.42,759418.48,29284.55,1329040.01,0.2757,-0.1694,1.0,0,0.0383,0.0894,110.33,40.33,0.1392,0.801,0.4536,-0.1694,0.5442
MSME174,Bharat Provisions,Grocery Store,717943.81,743994.99,1.0363,1.51,37385.09,-343136.53,374317.27,0.4457,-0.4944,0.75,0,-0.0363,0.1485,135.17,32.92,0.5475,0.6175,0.3571,-0.4944,0.1222
MSME175,Royal Provisions,Grocery Store,931121.63,909836.99,0.9771,11.82,358359.56,-76876.87,687329.22,0.1857,0.1743,1.0,0,0.0229,0.0952,139.92,36.5,0.5554,0.6052,0.614,0.1743,0.3753
MSME176,Om Sai Auto Garage,Automobile Workshop,433932.24,396042.94,0.9127,30.2,398748.18,58994.43,684171.3,0.188,-0.2129,0.75,0,0.0873,0.0,133.58,46.83,0.3402,0.6711,0.5122,-0.2129,0.702
MSME177,Ludhiana Medi Store,Pharmacy,748644.73,622784.42,0.8319,45.39,942241.16,112891.07,1704951.26,0.2003,-0.3661,0.8333,0,0.1681,0.0,137.67,35.25,0.3166,0.7265,0.5303,-0.3661,0.8539
MSME178,Om Sai Provisions,Grocery Store,825627.07,731485.37,0.886,30.83,751687.65,75024.53,1462673.32,0.211,0.0242,1.0,0,0.114,0.0,139.42,34.08,0.5466,0.5803,0.6287,0.0242,0.7083
MSME179,Sri Cafe,Cafe,294141.7,278019.76,0.9452,28.38,262993.09,123901.39,384384.65,0.0492,0.0524,1.0,0,0.0548,0.0,140.0,35.5,0.2499,0.762,0.6918,0.0524,0.6838
MSME180,Shree Textiles,Textile Shop,677330.47,564951.61,0.8341,63.15,1189192.69,424674.02,1915785.91,0.2268,-0.0729,0.9167,0,0.1659,0.0,106.67,37.0,0.2563,0.6918,0.5164,-0.0729,1.0
MSME181,Sri Kitchen,Restaurant,1130876.1,1174092.53,1.0382,-0.56,-21754.28,-533080.17,615569.56,0.1254,0.3168,1.0,0,-0.0382,0.1736,140.08,48.67,0.3611,0.7291,0.6373,0.3168,0.1029
MSME182,Balaji Carriers,Transport Service,604531.52,626969.53,1.0371,-4.6,-96114.41,-198567.61,270395.81,0.1861,-0.0005,0.6667,6,-0.0371,0.2576,101.25,49.83,0.1631,0.7524,0.487,-0.0005,0.0544
MSME183,Royal Products,Manufacturing Unit,1825962.91,1577588.41,0.864,46.02,2420250.93,782462.43,4099365.48,0.0791,0.0133,1.0,0,0.136,0.0,96.33,39.75,0.0365,0.7359,0.7013,0.0133,0.8602
MSME184,Shree Kitchen,Restaurant,830209.97,813372.46,0.9797,9.78,265112.24,12507.74,544756.81,0.1113,-0.033,1.0,0,0.0203,0.0919,140.5,48.92,0.325,0.7441,0.5304,-0.033,0.4978
MSME185,Annapurna Farm Supplies,Agriculture Supply,1139820.79,1113386.91,0.9768,9.48,351851.95,18681.24,737279.72,0.1273,0.1555,1.0,0,0.0232,0.1087,109.67,38.0,0.3421,0.6815,0.6433,0.1555,0.4948
MSME186,Balaji General Store,Grocery Store,830892.22,841178.83,1.0124,9.75,273404.42,6470.8,647907.05,0.2392,0.0246,1.0,0,-0.0124,0.1299,139.58,34.42,0.5244,0.6345,0.5804,0.0246,0.4975
MSME187,Royal Garments,Garment Store,760384.31,802609.63,1.0555,1.72,46091.68,-279561.5,495554.49,0.3105,-0.1241,0.75,0,-0.0555,0.2005,123.67,37.5,0.2895,0.7468,0.4247,-0.1241,0.1208
MSME188,Ganesh Provisions,Grocery Store,667029.43,648401.34,0.9721,14.17,306205.6,14526.96,546553.41,0.2206,-0.0596,1.0,0,0.0279,0.085,139.08,38.92,0.5639,0.5892,0.4781,-0.0596,0.5417
MSME189,Balaji Fabrics,Textile Shop,814165.18,769489.65,0.9451,18.75,480933.04,21345.69,897761.19,0.1916,-0.1124,1.0,0,0.0549,0.1176,103.17,36.25,0.233,0.7133,0.5007,-0.1124,0.5875
MSME190,Om Sai Printers,Printing Press,914639.01,814589.16,0.8906,30.13,818127.54,16837.02,1489168.46,0.119,-0.0753,1.0,0,0.1094,0.0554,87.5,39.83,0.1124,0.7628,0.5533,-0.0753,0.7013
MSME191,New Restaurant,Restaurant,1148538.36,1205020.14,1.0492,-10.76,-432322.49,-765424.17,369306.27,0.1846,0.4733,0.6667,4,-0.0492,0.3,141.08,49.25,0.2693,0.7913,0.6077,0.4733,0.0
MSME192,Krishna Provisions,Grocery Store,908881.82,794950.17,0.8746,29.97,794140.96,36394.6,1559838.63,0.2314,0.0983,1.0,0,0.1254,0.0,139.0,37.58,0.5462,0.584,0.6219,0.0983,0.6997
MSME193,Bharat Furniture Works,Furniture Manufacturer,1124131.04,1217657.22,1.0832,-7.53,-305804.49,-957057.59,622384.2,0.252,0.7173,1.0,0,-0.0832,0.2294,88.75,43.17,0.0796,0.7933,0.574,0.7173,0.0254
MSME194,Om Sai Pharmacy,Pharmacy,536101.89,502692.12,0.9377,18.28,306299.77,52328.13,598197.56,0.0244,0.0242,1.0,0,0.0623,0.0837,139.17,38.75,0.3152,0.7437,0.7065,0.0242,0.5828
MSME195,Zaira Motors,Automobile Workshop,836472.25,722524.09,0.8638,34.65,834557.28,3950.48,1670991.53,0.0779,-0.0074,1.0,0,0.1362,0.0,118.92,44.5,0.3511,0.6678,0.5819,-0.0074,0.7465
MSME196,Annapurna Hotel,Hotel,1447804.18,1350365.16,0.9327,17.26,777025.92,17989.57,1596053.17,0.1725,-0.1042,1.0,0,0.0673,0.0503,123.83,36.83,0.2468,0.7957,0.5139,-0.1042,0.5726
MSME197,Neha Medicals,Pharmacy,470221.96,402308.59,0.8556,38.73,519403.46,64015.48,969299.29,0.0286,0.0225,1.0,0,0.1444,0.0,138.33,36.83,0.2817,0.7602,0.729,0.0225,0.7873
MSME198,New Krishi Kendra,Agriculture Supply,1154942.25,1148793.14,0.9947,8.46,324085.82,13156.55,729306.52,0.2022,0.1064,1.0,0,0.0053,0.1308,99.58,40.25,0.337,0.6983,0.6005,0.1064,0.4846
MSME199,Krishna Bakers,Bakery,520698.75,522188.55,1.0029,3.99,69483.07,-138950.72,224119.77,0.2488,0.2058,1.0,0,-0.0029,0.1149,137.75,31.42,0.4901,0.6572,0.5756,0.2058,0.1405
MSME200,Deepak Cargo Movers,Logistics Company,1194470.3,1215507.63,1.0176,10.38,420702.22,42165.89,892354.44,0.1135,0.0229,1.0,0,-0.0176,0.1266,88.67,50.92,0.0555,0.7191,0.6432,0.0229,0.5038
MSME201,Royal Cafe,Cafe,276022.8,288560.73,1.0454,-5.11,-49105.21,-127482.96,138912.2,0.124,0.0941,0.5833,0,-0.0454,0.2568,140.83,35.0,0.2138,0.8063,0.638,0.0941,0.0509
MSME202,Royal Mobiles,Mobile Shop,655993.12,653289.6,0.9959,7.49,163011.31,16363.82,377584.2,0.1571,0.0493,1.0,0,0.0041,0.116,101.67,37.83,0.1692,0.8132,0.6227,0.0493,0.4749
MSME203,Balaji Medi Store,Pharmacy,906130.13,735853.1,0.8121,43.93,1077427.07,77288.01,2268521.18,0.0852,0.2368,1.0,0,0.1879,0.0,139.5,35.58,0.28,0.7584,0.7138,0.2368,0.8393
MSME204,Royal Builders,Construction Contractor,1273808.09,1164614.94,0.9143,43.56,1691094.29,1028992.5,2652911.92,0.1536,0.2604,1.0,0,0.0857,0.0,57.33,39.58,0.0975,0.6937,0.6489,0.2604,0.8356
MSME205,Shree Sarees,Textile Shop,999021.97,1085441.34,1.0865,-17.82,-644576.14,-1186614.3,444965.59,0.27,0.2741,0.8333,0,-0.0865,0.3888,110.67,37.25,0.2211,0.7723,0.565,0.2741,0.0
MSME206,Ganesh Textiles,Textile Shop,784080.67,647456.32,0.8258,60.43,1304272.24,434873.39,2229859.05,0.1131,0.1558,1.0,0,0.1742,0.0,102.92,39.58,0.2645,0.6859,0.6957,0.1558,1.0
MSME207,Krishna Residency,Hotel,1585551.54,1331419.29,0.8397,35.08,1556813.0,15938.1,3364782.18,0.1624,0.0324,1.0,0,0.1603,0.0,126.58,36.67,0.2492,0.7636,0.6669,0.0324,0.7508
MSME208,Shree Farm Supplies,Agriculture Supply,1096683.57,1163708.9,1.0611,-4.52,-175337.85,-645347.11,654680.06,0.2025,0.0067,0.5,3,-0.0611,0.2328,105.75,40.75,0.3111,0.6917,0.5987,0.0067,0.0585
MSME209,Sri Mobile World,Mobile Shop,500743.72,482236.13,0.963,17.77,285638.61,6716.37,461606.79,0.2979,-0.0185,1.0,0,0.037,0.0,124.42,33.83,0.2094,0.7514,0.4421,-0.0185,0.5777
MSME210,Star Auto Garage,Automobile Workshop,562534.33,553658.33,0.9842,10.5,193705.86,7360.47,413219.11,0.1099,0.0001,1.0,0,0.0158,0.0819,123.08,47.17,0.3381,0.6993,0.6498,0.0001,0.505
MSME211,Annapurna Manufacturing,Manufacturing Unit,1612080.94,1669873.46,1.0358,-3.29,-183105.45,-606503.91,576730.35,0.1391,0.0572,1.0,0,-0.0358,0.2302,89.58,36.0,0.0471,0.7761,0.6305,0.0572,0.0677
MSME212,Krishna Coffee House,Cafe,704980.43,678684.25,0.9627,13.73,310664.95,6242.88,596313.47,0.073,-0.0759,1.0,0,0.0373,0.0672,140.25,39.42,0.2428,0.8017,0.5547,-0.0759,0.5373
MSME213,Sri Family Dhaba,Restaurant,972533.51,831977.46,0.8555,36.99,1025695.1,37202.96,1952924.58,0.0902,-0.0435,1.0,0,0.1445,0.0,140.08,48.08,0.354,0.7101,0.5782,-0.0435,0.7699
MSME214,Balaji Wood Craft,Furniture Manufacturer,2193092.53,2164384.89,0.9869,4.29,309727.3,-644565.15,1052655.9,0.1818,0.2874,1.0,0,0.0131,0.1337,83.42,43.08,0.072,0.7554,0.613,0.2874,0.2593
MSME215,New Constructions,Construction Contractor,2072860.01,2191091.34,1.057,-6.08,-444003.28,-1044927.71,1158552.63,0.3083,0.2846,0.8333,2,-0.057,0.3115,66.42,41.25,0.0967,0.7627,0.5458,0.2846,0.0413
MSME216,Om Sai Mobile World,Mobile Shop,1148901.05,1179890.51,1.027,-0.76,-29918.28,-215028.83,499511.3,0.2499,0.058,0.5,4,-0.027,0.1584,100.83,38.25,0.1576,0.812,0.575,0.058,0.0927
MSME217,Shree Hardware,Hardware Store,1019879.92,957137.46,0.9385,17.43,556132.57,18095.1,1053760.79,0.1346,0.1103,1.0,0,0.0615,0.0562,132.0,35.92,0.2902,0.6959,0.6511,0.1103,0.5743
MSME218,Annapurna Medicals,Medical Shop,709036.85,737559.46,1.0402,-4.14,-101687.76,-328428.19,287944.6,0.1002,0.255,1.0,0,-0.0402,0.1662,131.75,40.58,0.3269,0.7482,0.6499,0.255,0.167
MSME219,Sri General Store,Grocery Store,666727.22,703864.9,1.0557,-5.54,-130049.02,-290876.09,312010.05,0.1833,0.0133,0.8333,2,-0.0557,0.2342,139.58,39.08,0.468,0.6723,0.6084,0.0133,0.0458
MSME220,Ritu Restaurant,Restaurant,1239854.57,1047112.4,0.8445,41.07,1433535.25,17997.76,2592182.38,0.0896,-0.1167,1.0,0,0.1555,0.0,140.17,43.08,0.3358,0.736,0.5818,-0.1167,0.8107
MSME221,New Kitchen,Restaurant,1146461.31,1105481.88,0.9643,12.74,469300.95,20170.3,951341.9,0.0719,0.0337,1.0,0,0.0357,0.0517,140.17,47.08,0.375,0.7123,0.6748,0.0337,0.5274
MSME222,Bhubaneswar Mobile World,Mobile Shop,1041789.37,971831.76,0.9328,19.47,630801.6,18259.92,1102209.54,0.1737,-0.0778,1.0,0,0.0672,0.0,103.67,32.08,0.2149,0.7743,0.5133,-0.0778,0.5947
MSME223,Sri Home Appliances,Electronics Shop,1413234.05,1270982.73,0.8993,26.08,1104977.34,27075.04,2108937.96,0.2434,-0.0215,1.0,0,0.1007,0.0,85.08,36.58,0.171,0.7826,0.4885,-0.0215,0.6608
MSME224,Om Sai Kitchen,Restaurant,1431859.57,1485227.5,1.0373,-2.35,-116471.04,-472436.59,541235.31,0.09,0.0784,0.5,4,-0.0373,0.1687,140.92,52.25,0.3257,0.7403,0.655,0.0784,0.0776
MSME225,Warangal Textiles,Textile Shop,945697.45,938248.91,0.9921,11.07,346275.94,25019.75,683523.14,0.158,0.2905,1.0,0,0.0079,0.1532,114.17,37.58,0.2473,0.7318,0.6233,0.2905,0.5107
MSME226,New Doodh Bhandar,Dairy,1336877.94,1369179.43,1.0242,-1.39,-63402.78,-460524.76,437554.93,0.1209,0.2647,1.0,0,-0.0242,0.0861,140.17,48.0,0.5676,0.5876,0.6396,0.2647,0.1045
MSME227,Balaji Home Appliances,Electronics Shop,1635230.6,1473366.55,0.901,22.21,1090756.87,37185.59,2134799.17,0.2464,-0.0049,1.0,0,0.099,0.0,108.75,32.67,0.1371,0.7842,0.4865,-0.0049,0.6221
MSME228,Om Sai Motors,Automobile Workshop,427024.32,419474.38,0.9823,7.68,107412.01,6752.06,248017.71,0.1593,0.1899,1.0,0,0.0177,0.0826,126.5,45.5,0.3274,0.7008,0.6257,0.1899,0.4768
MSME229,Krishna Telecom,Mobile Shop,1170826.54,1095801.83,0.9359,14.98,547056.35,10896.59,1212803.39,0.1806,-0.0337,1.0,0,0.0641,0.0,112.58,37.17,0.2095,0.7761,0.5089,-0.0337,0.5498
MSME230,Royal Infra,Construction Contractor,1787626.04,1545121.08,0.8643,34.85,1795072.7,25368.87,3563079.08,0.2213,-0.0914,1.0,0,0.1357,0.0,61.25,40.5,0.1078,0.6864,0.5101,-0.0914,0.7485
MSME231,Vikram Krishi Kendra,Agriculture Supply,938008.2,944948.07,1.0074,-0.84,-26536.68,-310021.11,416570.2,0.1873,0.3764,1.0,0,-0.0074,0.1937,112.0,41.58,0.3293,0.672,0.6064,0.3764,0.0925
MSME232,Shree Products,Manufacturing Unit,1351812.98,1335922.49,0.9882,7.6,338287.74,26183.16,843998.75,0.174,0.4205,1.0,0,0.0118,0.1718,92.0,43.17,0.0437,0.7727,0.6165,0.4205,0.476
MSME233,New Garments,Garment Store,857360.27,847135.69,0.9881,10.91,308105.2,16224.32,747870.49,0.2742,-0.1036,1.0,0,0.0119,0.1554,132.17,42.0,0.2555,0.7704,0.4465,-0.1036,0.5091
MSME234,Shree Medi Plus,Medical Shop,617601.25,603837.02,0.9777,13.07,263100.11,24814.85,513957.27,0.0483,-0.0143,1.0,0,0.0223,0.0966,124.42,36.33,0.3323,0.7242,0.5625,-0.0143,0.5307
MSME235,Royal Confectionery,Bakery,244164.41,246894.51,1.0112,10.0,82270.31,9687.24,184919.6,0.2719,-0.0357,1.0,0,-0.0112,0.1587,139.08,37.17,0.4402,0.6761,0.4441,-0.0357,0.5
MSME236,Kolkata Doodh Bhandar,Dairy,711200.32,657588.06,0.9246,25.64,561970.49,43437.93,1006260.28,0.0283,-0.0291,1.0,0,0.0754,0.0,140.0,48.25,0.6225,0.5644,0.5885,-0.0291,0.6564
MSME237,Zaira Kirana,Grocery Store,711571.95,703580.05,0.9888,11.21,262984.6,14513.7,525525.52,0.3004,-0.0434,1.0,0,0.0112,0.1003,139.92,41.08,0.5223,0.6162,0.4332,-0.0434,0.5121
MSME238,Annapurna Textiles,Textile Shop,868535.38,879934.76,1.0131,1.47,43127.32,-236107.13,416816.79,0.1544,0.1337,0.9167,3,-0.0131,0.2063,112.17,35.83,0.2181,0.742,0.6228,0.1337,0.1158
MSME239,Ludhiana Coffee House,Cafe,468440.19,434690.22,0.928,17.55,254241.04,6785.93,489753.55,0.0578,-0.0175,1.0,0,0.072,0.0,140.25,36.0,0.2613,0.7801,0.5727,-0.0175,0.5755
MSME240,Royal Kirana,Grocery Store,1034257.21,954644.02,0.923,21.8,693571.54,14969.6,1189880.82,0.2571,-0.1388,1.0,0,0.077,0.0722,139.17,33.83,0.5519,0.6088,0.4745,-0.1388,0.618
MSME241,Shree Motors,Automobile Workshop,833903.57,759400.19,0.9107,18.25,461879.76,9056.2,1052797.16,0.0751,0.0151,1.0,0,0.0893,0.0372,120.5,48.5,0.3514,0.681,0.6893,0.0151,0.5825
MSME242,New General Store,Grocery Store,855566.89,741295.7,0.8664,39.58,978105.28,141557.92,1671161.12,0.1885,-0.0761,1.0,0,0.1336,0.0,139.67,34.42,0.5346,0.58,0.5258,-0.0761,0.7958
MSME243,Sri Pharmacy,Pharmacy,960292.69,792807.68,0.8256,50.23,1327306.0,232862.68,2480600.52,0.0306,0.0,1.0,0,0.1744,0.0,138.83,40.08,0.3018,0.7269,0.737,0.0,0.9023
MSME244,Bengaluru Hardware,Hardware Store,836866.4,860478.46,1.0282,-0.22,-6299.29,-186389.06,310949.0,0.1541,0.0867,0.75,5,-0.0282,0.1759,130.33,35.0,0.2637,0.7265,0.623,0.0867,0.1025
MSME245,Ganesh Kirana,Grocery Store,777207.73,798049.68,1.0268,-2.64,-70248.41,-319893.73,214116.66,0.1282,-0.087,0.5833,1,-0.0268,0.1621,139.08,36.5,0.5222,0.6125,0.5159,-0.087,0.0739
MSME246,Annapurna Restaurant,Restaurant,526781.56,476497.86,0.9045,29.52,468812.54,78797.52,840799.55,0.0587,0.0076,1.0,0,0.0955,0.0,140.0,44.83,0.3505,0.7114,0.6993,0.0076,0.6952
MSME247,Kochi General Store,Grocery Store,768497.01,756913.2,0.9849,1.58,39888.12,-163988.5,243506.16,0.1711,0.1381,1.0,0,0.0151,0.0725,140.08,36.75,0.5517,0.6035,0.619,0.1381,0.1539
MSME248,Ganesh Family Dhaba,Restaurant,1126186.27,1067844.32,0.9482,12.79,455089.8,13671.39,943797.38,0.0624,-0.0646,1.0,0,0.0518,0.0618,140.25,52.17,0.3366,0.7276,0.5644,-0.0646,0.5279
MSME249,Sri Transport,Transport Service,842283.77,844618.55,1.0028,7.83,220351.2,16777.43,565821.2,0.1612,0.2664,1.0,0,-0.0028,0.1818,89.33,51.0,0.1726,0.7191,0.6194,0.2664,0.4783
MSME250,Ahmedabad Mobile World,Mobile Shop,1111585.93,1112019.26,1.0004,9.17,339789.51,26212.21,778281.35,0.2574,-0.0383,1.0,0,-0.0004,0.0956,109.17,40.25,0.1781,0.7959,0.4513,-0.0383,0.4917
MSME251,Om Sai Restaurant,Restaurant,1058891.74,1067193.89,1.0078,0.77,27355.99,-277901.81,409709.16,0.257,-0.4345,0.75,0,-0.0078,0.1311,140.33,48.17,0.3419,0.7427,0.4515,-0.4345,0.1104
MSME252,Sunita Infra,Construction Contractor,2346539.99,2327921.82,0.9921,5.5,426748.76,-318985.61,1436332.03,0.2824,-0.1768,0.5,3,0.0079,0.1685,54.0,37.75,0.0537,0.7708,0.4412,-0.1768,0.1605
MSME253,Annapurna Provisions,Grocery Store,460724.99,460548.46,0.9996,7.64,117289.77,8634.48,296886.77,0.242,-0.0469,1.0,0,0.0004,0.1523,135.25,37.83,0.5032,0.6478,0.4591,-0.0469,0.4764
MSME254,Om Sai Residency,Hotel,793841.81,797308.93,1.0044,14.51,385723.97,103997.72,617932.84,0.1675,0.0631,1.0,0,-0.0044,0.1327,126.83,38.17,0.2658,0.7693,0.6162,0.0631,0.5451
MSME255,Shree Sanitary & Hardware,Hardware Store,689087.68,613652.32,0.8905,23.88,488368.99,4601.45,1028046.03,0.1131,0.0518,1.0,0,0.1095,0.0,124.42,41.08,0.3112,0.675,0.6763,0.0518,0.6388
MSME256,Om Sai Fashions,Garment Store,820866.76,867567.15,1.0569,-8.03,-232168.24,-489909.73,299455.62,0.1645,0.309,0.75,4,-0.0569,0.2551,134.42,40.92,0.2625,0.7697,0.6177,0.309,0.0217
MSME257,Ganesh Sarees,Textile Shop,1643618.9,1511091.82,0.9194,22.33,1124785.2,168154.71,2284348.87,0.1653,0.3926,1.0,0,0.0806,0.08,99.67,45.5,0.226,0.738,0.6416,0.3926,0.6233
MSME258,Rajkot Confectionery,Bakery,362197.6,346548.2,0.9568,17.55,202691.68,3422.33,363017.79,0.11,-0.1041,0.5,0,0.0432,0.0762,139.0,33.67,0.4841,0.6452,0.538,-0.1041,0.5755
MSME259,Krishna Builders,Construction Contractor,1472205.08,1398955.41,0.9502,13.98,651789.96,8634.99,1352085.34,0.1884,0.0016,1.0,0,0.0498,0.064,58.75,40.67,0.1029,0.6829,0.6207,0.0016,0.5398
MSME260,Star Medi Plus,Medical Shop,306104.4,279189.16,0.9121,34.51,321177.14,131898.75,524611.36,0.0324,-0.0135,1.0,0,0.0879,0.0,129.67,37.42,0.352,0.7156,0.5902,-0.0135,0.7451
MSME261,Om Sai Dairy,Dairy,848527.53,850612.17,1.0025,-0.31,-8674.67,-166489.81,269123.28,0.1237,0.243,1.0,0,-0.0025,0.1131,140.83,47.42,0.5832,0.5924,0.6382,0.243,0.101
MSME262,Balaji Constructions,Construction Contractor,1888815.76,1654694.91,0.876,27.09,1494415.09,32988.02,3465948.55,0.1344,0.1787,1.0,0,0.124,0.0,59.92,37.17,0.0964,0.705,0.67,0.1787,0.6709
MSME263,Annapurna Garments,Garment Store,701225.25,672106.18,0.9585,16.36,366453.68,27075.16,610958.4,0.2479,-0.0741,1.0,0,0.0415,0.0949,119.67,38.92,0.2957,0.727,0.4685,-0.0741,0.5636
MSME264,Rajesh Fabrics,Textile Shop,1195160.76,1086970.59,0.9095,27.38,991934.68,160293.39,1808351.29,0.1454,-0.0078,1.0,0,0.0905,0.0788,103.83,38.5,0.2238,0.7322,0.5344,-0.0078,0.6738
MSME265,New Lodge,Hotel,1462264.92,1391003.6,0.9513,14.77,684994.26,61931.51,1270464.79,0.2267,-0.057,1.0,0,0.0487,0.094,119.5,41.08,0.2556,0.7558,0.4813,-0.057,0.5477
MSME266,New Milk Products,Dairy,584621.45,561383.9,0.9603,23.73,444117.7,183127.78,627384.35,0.1841,-0.2281,0.9167,0,0.0397,0.0,140.0,44.67,0.6102,0.5647,0.4999,-0.2281,0.6373
MSME267,Om Sai Telecom,Mobile Shop,884060.84,904163.83,1.0227,-2.11,-63474.44,-325602.48,301463.41,0.2114,0.3193,1.0,0,-0.0227,0.0875,109.33,34.92,0.215,0.7877,0.5943,0.3193,0.0823
MSME268,Shree Pharmacy,Pharmacy,867371.0,926772.65,1.0685,-7.58,-234121.79,-470529.86,396886.0,0.0885,0.0317,0.75,5,-0.0685,0.2379,136.75,38.33,0.2649,0.7825,0.6557,0.0317,0.0275
MSME269,Om Sai Interiors,Furniture Manufacturer,1073489.27,933882.13,0.87,40.29,1254141.11,400384.34,2183776.13,0.114,0.0741,1.0,0,0.13,0.0,101.42,40.25,0.094,0.727,0.682,0.0741,0.8029
MSME270,Sri Health Care,Medical Shop,519872.55,440991.11,0.8483,42.54,625302.0,123342.03,1149396.1,0.0242,-0.0001,1.0,0,0.1517,0.0,125.42,37.75,0.3375,0.7307,0.6134,-0.0001,0.8254
MSME271,Om Sai General Store,Grocery Store,547447.1,489907.7,0.8949,36.86,602007.22,189823.61,1001735.13,0.357,-0.2733,0.75,0,0.1051,0.0,140.0,36.42,0.5384,0.5891,0.433,-0.2733,0.7686
MSME272,New Telecom,Mobile Shop,1207122.22,1183832.91,0.9807,8.2,323702.72,19301.7,661335.45,0.1503,-0.1567,1.0,0,0.0193,0.056,106.33,41.33,0.187,0.7905,0.5106,-0.1567,0.482
MSME273,Arun Restaurant,Restaurant,1445664.8,1306413.84,0.9037,23.54,1025265.53,21675.47,1869144.89,0.1011,-0.0617,1.0,0,0.0963,0.0471,140.5,47.67,0.363,0.7283,0.5584,-0.0617,0.6354
MSME274,Deepak Agri Centre,Agriculture Supply,902903.16,888207.17,0.9837,12.32,364760.49,19733.51,655493.28,0.2157,0.1245,1.0,0,0.0163,0.1495,101.92,40.92,0.3331,0.6788,0.597,0.1245,0.5232
MSME275,New Kirana,Grocery Store,466258.47,429405.75,0.921,30.73,439828.2,72064.02,684426.0,0.2464,-0.0932,1.0,0,0.079,0.0,137.67,37.5,0.5457,0.5922,0.4805,-0.0932,0.7073
MSME276,Patna Sarees,Textile Shop,1284993.1,1041088.0,0.8102,55.49,1925745.0,320199.27,3567177.46,0.1902,0.2371,1.0,0,0.1898,0.0,92.75,32.83,0.2407,0.7002,0.6619,0.2371,0.9549
MSME277,Annapurna Motors,Automobile Workshop,299148.96,279031.57,0.9328,57.31,533000.17,367275.31,663631.93,0.0596,-0.0187,1.0,0,0.0672,0.0,131.58,48.5,0.3813,0.6539,0.5704,-0.0187,0.9731
MSME278,Suresh Transport,Transport Service,1083179.55,1046328.83,0.966,9.01,314209.2,15092.46,730686.3,0.1167,0.091,1.0,0,0.034,0.0931,83.83,51.33,0.1848,0.6884,0.6518,0.091,0.4901
MSME279,Thiruvananthapuram Infra,Construction Contractor,1997811.58,2081485.44,1.0419,-2.8,-194321.57,-750878.92,670655.86,0.217,0.3252,0.5,5,-0.0419,0.1835,58.58,41.42,0.1022,0.7473,0.5915,0.3252,0.0791
MSME280,Indore Builders,Construction Contractor,2514418.26,2093818.75,0.8327,40.64,2836729.21,52933.23,5575195.87,0.1966,-0.0433,1.0,0,0.1673,0.0,56.17,40.17,0.0777,0.7125,0.5319,-0.0433,0.8064
MSME281,Star Family Dhaba,Restaurant,1295809.95,1256703.58,0.9698,10.13,424236.42,31569.14,919833.54,0.0423,-0.0207,1.0,0,0.0302,0.0969,140.25,52.08,0.343,0.7369,0.5679,-0.0207,0.5013
MSME282,Balaji Mobiles,Mobile Shop,946182.96,945732.89,0.9995,8.46,266843.67,28381.8,541173.4,0.2149,-0.0462,1.0,0,0.0005,0.0642,106.5,34.92,0.1926,0.7909,0.4727,-0.0462,0.4846
MSME283,Chandigarh Kirana,Grocery Store,469053.65,421255.7,0.8981,28.97,406723.01,65884.93,725463.9,0.2737,-0.1175,1.0,0,0.1019,0.0,137.0,33.0,0.5618,0.5826,0.4737,-0.1175,0.6897
MSME284,Krishna Bistro,Cafe,438811.19,468133.68,1.0668,-7.57,-118049.47,-267504.77,220572.99,0.2266,0.3367,0.5,5,-0.0668,0.2511,141.17,33.75,0.2038,0.8163,0.5867,0.3367,0.0309
MSME285,Iqbal Residency,Hotel,1171116.43,1165199.83,0.9949,4.28,166113.57,-302787.61,532990.59,0.2048,0.2743,1.0,0,0.0051,0.1213,127.92,39.33,0.2666,0.7691,0.5991,0.2743,0.1453
MSME286,Balaji Fashions,Garment Store,631499.05,632192.77,1.0011,8.86,186629.94,9182.47,394617.59,0.2314,-0.1775,1.0,0,-0.0011,0.1678,133.83,37.17,0.2825,0.7332,0.4643,-0.1775,0.4886
MSME287,New Pharmacy,Pharmacy,415497.35,425402.91,1.0238,11.53,163477.05,17716.89,316113.37,0.0794,0.1379,1.0,0,-0.0238,0.1924,137.92,37.0,0.2852,0.7695,0.6603,0.1379,0.5153
MSME288,Meena General Store,Grocery Store,955794.99,844761.57,0.8838,29.94,842991.46,45535.8,1563614.23,0.1934,-0.0691,1.0,0,0.1162,0.0,140.0,36.67,0.5549,0.583,0.5181,-0.0691,0.6994
MSME289,New Digital World,Electronics Shop,865206.17,884909.69,1.0228,8.46,249488.33,18103.14,601537.8,0.2258,-0.0013,1.0,0,-0.0228,0.1691,101.0,38.67,0.1393,0.8173,0.4671,-0.0013,0.4846
MSME290,Kavita Agri Centre,Agriculture Supply,1497702.87,1373934.62,0.9174,24.21,1108939.94,156118.24,2077592.63,0.1623,0.1976,1.0,0,0.0826,0.0682,105.83,40.33,0.3446,0.6619,0.6436,0.1976,0.6421
MSME291,Balaji Apparels,Garment Store,535299.29,559861.16,1.0459,-5.17,-96445.96,-246392.53,177731.87,0.2424,0.0103,0.6667,5,-0.0459,0.2125,131.92,39.83,0.2718,0.7604,0.5788,0.0103,0.0488
MSME292,Bharat General Store,Grocery Store,826665.62,814646.59,0.9855,8.36,226933.11,29531.47,460685.28,0.2143,-0.0851,1.0,0,0.0145,0.1124,140.17,33.25,0.528,0.6168,0.4772,-0.0851,0.4836
MSME293,New Apparels,Garment Store,1206470.08,1090206.27,0.9036,26.56,965086.44,6981.27,1726772.38,0.3243,-0.1335,1.0,0,0.0964,0.0586,127.5,37.92,0.3017,0.7122,0.4468,-0.1335,0.6656
MSME294,Sri Textiles,Textile Shop,701031.47,584934.65,0.8344,40.69,793342.61,94317.28,1607362.8,0.1709,0.1403,1.0,0,0.1656,0.0,105.58,39.08,0.2531,0.6849,0.6642,0.1403,0.8069
MSME295,Balaji Milk Products,Dairy,1265713.16,1220667.04,0.9644,9.12,370906.45,8099.26,756062.38,0.069,-0.0305,1.0,0,0.0356,0.0598,140.5,51.58,0.5851,0.5759,0.5562,-0.0305,0.4912
MSME296,Royal Home Appliances,Electronics Shop,1458027.41,1502454.5,1.0305,-1.69,-84824.74,-444168.22,693517.03,0.2877,-0.095,0.6667,0,-0.0305,0.2,111.83,45.42,0.1305,0.8205,0.4362,-0.095,0.0849
MSME297,Bharat Coffee House,Cafe,267567.7,253690.38,0.9481,32.33,273396.03,144816.19,418022.24,0.051,-0.0043,1.0,0,0.0519,0.0,140.0,37.25,0.2576,0.7503,0.5701,-0.0043,0.7233
MSME298,Royal Doodh Bhandar,Dairy,946382.84,866650.76,0.9158,21.01,606974.83,8712.99,1110039.57,0.0378,-0.0287,1.0,0,0.0842,0.0,140.08,45.33,0.5846,0.5713,0.5864,-0.0287,0.6101
MSME299,Royal Medi Plus,Medical Shop,630220.89,543472.8,0.8624,34.16,618772.19,32723.74,1198635.98,0.0241,-0.0179,1.0,0,0.1376,0.0,124.33,34.83,0.3479,0.7059,0.6092,-0.0179,0.7416
MSME300,Sri Constructions,Construction Contractor,2150108.54,2100649.43,0.977,3.3,231320.08,-455704.27,1159002.16,0.2794,0.0582,0.6667,0,0.023,0.0924,58.17,39.75,0.0781,0.7236,0.5672,0.0582,0.1474
MSME301,Star Freight Services,Logistics Company,971467.73,1011613.32,1.0413,-3.14,-105782.43,-371397.83,339849.23,0.1662,-0.1034,0.6667,1,-0.0413,0.1861,85.67,49.08,0.047,0.7444,0.4969,-0.1034,0.0688
MSME302,Sri Kirana,Grocery Store,948586.82,989441.11,1.0431,0.87,28713.03,-299513.61,449451.95,0.2785,-0.0606,0.5,6,-0.0431,0.1138,135.17,35.42,0.5227,0.618,0.4408,-0.0606,0.1179
MSME303,New Roadways,Transport Service,605328.91,601579.15,0.9938,-0.14,-2759.26,-169307.91,207186.43,0.1766,0.4305,1.0,0,0.0062,0.1141,92.42,45.33,0.1847,0.6996,0.6136,0.4305,0.1047
MSME304,Pooja Medicals,Pharmacy,834421.57,756590.91,0.9067,20.59,519227.6,10988.68,1081478.27,0.0369,-0.0284,1.0,0,0.0933,0.0479,138.5,41.0,0.2911,0.7462,0.5895,-0.0284,0.6059
MSME305,Sri Farm Supplies,Agriculture Supply,566669.27,650176.39,1.1474,-2.17,-46946.51,-701448.11,731094.74,0.2555,0.4849,1.0,0,-0.1474,0.2996,97.58,43.17,0.3266,0.7106,0.5723,0.4849,0.0848
MSME306,Sri Confectionery,Bakery,627442.16,608374.98,0.9696,9.72,197066.2,8134.11,424050.68,0.1918,-0.0505,1.0,0,0.0304,0.0822,139.92,34.92,0.4608,0.6734,0.4932,-0.0505,0.4972
MSME307,Royal Offset Press,Printing Press,483970.5,481421.45,0.9947,9.48,152108.07,7822.98,302576.13,0.1355,0.0259,1.0,0,0.0053,0.1456,93.17,36.83,0.08,0.7914,0.6338,0.0259,0.4948
MSME308,Sri Provisions,Grocery Store,1005270.44,874717.29,0.8701,28.59,833549.11,24397.55,1713542.97,0.1871,0.1365,1.0,0,0.1299,0.0,137.42,32.0,0.5448,0.596,0.6454,0.1365,0.6859
MSME309,New Hotel,Hotel,711563.49,601646.93,0.8455,57.28,1148785.21,364304.76,1815181.98,0.17,-0.0895,1.0,0,0.1545,0.0,115.5,39.75,0.2342,0.7549,0.5414,-0.0895,0.9728
MSME310,Bharat Bakery,Bakery,463178.25,462839.7,0.9993,10.46,161402.46,10216.83,377597.77,0.2642,0.3243,1.0,0,0.0007,0.1321,136.67,38.42,0.4423,0.687,0.5681,0.3243,0.5046
MSME311,Sri Hardware,Hardware Store,503658.1,450696.34,0.8948,25.72,386470.57,7381.71,763098.93,0.1918,0.1674,1.0,0,0.1052,0.0,119.5,37.08,0.3092,0.6856,0.6357,0.1674,0.6572
MSME312,Om Sai Digital World,Electronics Shop,1261415.52,1372280.55,1.0879,-10.8,-494168.16,-933134.55,554520.69,0.1183,0.1557,0.75,3,-0.0879,0.3187,98.0,40.83,0.1359,0.8187,0.6409,0.1557,0.0
MSME313,Ahmedabad Kirana,Grocery Store,517792.0,466231.02,0.9004,29.92,465012.58,72458.17,829670.96,0.094,-0.0516,1.0,0,0.0996,0.0,136.25,38.33,0.5316,0.5903,0.5629,-0.0516,0.6992
MSME314,Vikram Farm Supplies,Agriculture Supply,889211.3,901027.58,1.0133,-1.9,-56947.65,-301793.61,249205.73,0.1937,0.1915,0.6667,6,-0.0133,0.1396,112.5,42.75,0.2985,0.6896,0.6032,0.1915,0.083
MSME315,Ganesh General Store,Grocery Store,592588.34,590167.17,0.9959,8.76,172416.7,21149.21,338203.26,0.2454,-0.0791,1.0,0,0.0041,0.0825,137.58,32.58,0.5607,0.6231,0.4585,-0.0791,0.4876
MSME316,Bengaluru Medi Store,Pharmacy,909244.48,842842.35,0.927,22.07,620162.05,99479.07,1075469.72,0.053,-0.0756,1.0,0,0.073,0.112,140.08,39.08,0.3005,0.745,0.5754,-0.0756,0.6207
MSME317,Om Sai Digital Press,Printing Press,634218.29,568248.85,0.896,21.61,409398.29,7478.01,943801.34,0.1165,-0.056,1.0,0,0.104,0.0594,97.0,38.33,0.1107,0.7411,0.5529,-0.056,0.6161
MSME318,New Offset Press,Printing Press,419986.42,442106.21,1.0527,-5.27,-77671.27,-291140.24,201545.37,0.2042,0.5066,1.0,0,-0.0527,0.2019,84.33,41.42,0.1025,0.7791,0.5979,0.5066,0.0509
MSME319,Balaji Confectionery,Bakery,474737.98,416106.1,0.8765,31.08,431062.65,24876.58,845599.97,0.152,0.0104,1.0,0,0.1235,0.0,140.0,32.5,0.5053,0.638,0.661,0.0104,0.7108
MSME320,Om Sai Textiles,Textile Shop,1578812.19,1356815.1,0.8594,36.15,1634823.85,117410.47,3171228.65,0.1577,-0.0146,1.0,0,0.1406,0.0561,92.0,38.83,0.2109,0.7135,0.5434,-0.0146,0.7615
MSME321,Bharat Fabrics,Textile Shop,1009548.6,950343.41,0.9414,16.52,523346.28,23425.84,1045317.35,0.1273,0.2908,1.0,0,0.0586,0.0896,110.5,42.17,0.232,0.7001,0.6539,0.2908,0.5652
MSME322,Shree Infra,Construction Contractor,718746.21,658120.7,0.9157,42.47,931684.77,392495.46,1286958.85,0.2472,-0.259,0.6667,0,0.0843,0.0,63.75,42.92,0.087,0.6945,0.4817,-0.259,0.8247
MSME323,Annapurna Krishi Kendra,Agriculture Supply,1008692.06,1054608.85,1.0455,-4.39,-154385.56,-474006.53,356328.64,0.3209,-0.0934,0.8333,0,-0.0455,0.2636,85.0,38.5,0.2849,0.7332,0.4196,-0.0934,0.0573
MSME324,Sri Roadways,Transport Service,1305444.8,1344736.5,1.0301,-2.03,-91085.45,-379188.03,482753.41,0.2287,0.0397,0.5833,5,-0.0301,0.1785,88.33,52.67,0.1868,0.7036,0.5857,0.0397,0.081
MSME325,Bharat Medi Store,Pharmacy,1043826.88,908841.29,0.8707,30.5,923970.78,32779.68,1867369.33,0.0627,0.1342,1.0,0,0.1293,0.0562,139.42,35.75,0.2714,0.7578,0.7074,0.1342,0.705
MSME326,Star Mobiles,Mobile Shop,477892.17,465681.6,0.9744,21.94,340609.63,83528.85,506089.23,0.3367,-0.4065,0.8333,0,0.0256,0.0,104.75,39.92,0.1909,0.7821,0.4193,-0.4065,0.6194
MSME327,Bharat Constructions,Construction Contractor,1589697.32,1612323.97,1.0142,8.37,449835.28,30028.67,1120793.9,0.1518,-0.0419,1.0,0,-0.0142,0.1255,52.25,40.58,0.0694,0.7213,0.5041,-0.0419,0.4837
MSME328,Krishna Printers,Printing Press,548863.34,589065.68,1.0732,-10.2,-200228.31,-323744.47,258679.08,0.1832,0.0688,0.5,4,-0.0732,0.2916,86.67,37.75,0.0758,0.8312,0.6084,0.0688,0.0
MSME329,Balaji Cargo Movers,Logistics Company,2340688.56,2394621.21,1.023,-0.39,-31440.55,-577059.72,871452.92,0.3194,0.161,0.6667,1,-0.023,0.2025,88.5,53.75,0.0262,0.7589,0.5403,0.161,0.0965
MSME330,Mumbai Lodge,Hotel,1779249.02,1631129.98,0.9168,21.9,1190665.6,27945.32,2335506.98,0.2248,0.084,1.0,0,0.0832,0.0715,119.33,40.33,0.2503,0.7806,0.6126,0.084,0.619
MSME331,Sri Furniture Works,Furniture Manufacturer,1205826.36,1029488.55,0.8538,40.79,1399750.9,256587.01,2622558.43,0.1962,0.4086,1.0,0,0.1462,0.0,84.5,36.5,0.0967,0.736,0.6458,0.4086,0.8079
MSME332,Royal Bistro,Cafe,636814.15,606356.55,0.9522,17.09,345423.6,24905.89,604193.76,0.0441,-0.0156,1.0,0,0.0478,0.0629,140.0,34.42,0.2467,0.7877,0.5723,-0.0156,0.5709
MSME333,Shree Kirana,Grocery Store,600726.31,583309.47,0.971,14.25,277107.7,58115.22,470414.99,0.2179,-0.0103,1.0,0,0.029,0.073,137.58,37.75,0.5689,0.6041,0.4798,-0.0103,0.5425
MSME334,Ganesh Electronics,Electronics Shop,1463251.22,1546005.82,1.0566,-3.74,-192833.89,-591777.02,529046.53,0.2548,0.0837,0.75,6,-0.0566,0.2158,110.08,36.42,0.1275,0.8004,0.5726,0.0837,0.0646
MSME335,Madurai Kirana,Grocery Store,640432.89,635210.52,0.9918,9.88,209293.36,15163.74,387735.62,0.2303,0.0465,1.0,0,0.0082,0.0836,138.92,39.92,0.5562,0.5993,0.5873,0.0465,0.4988
MSME336,Zaira General Store,Grocery Store,532081.69,583384.6,1.0964,-9.25,-179788.62,-340729.88,355372.48,0.2784,0.6321,0.8333,3,-0.0964,0.3827,141.25,38.83,0.4058,0.7175,0.5608,0.6321,0.0146
MSME337,Royal Sarees,Textile Shop,865075.26,836252.72,0.9667,13.71,382121.59,23667.21,727994.18,0.1522,0.0827,1.0,0,0.0333,0.1102,100.58,35.5,0.245,0.7294,0.6339,0.0827,0.5371
MSME338,Sri Hotel,Hotel,834067.39,875936.91,1.0502,-4.18,-122150.53,-313391.55,338954.12,0.248,0.1888,0.5833,4,-0.0502,0.4056,132.92,39.83,0.1861,0.8265,0.576,0.1888,0.0662
MSME339,Royal Apparels,Garment Store,699395.53,711214.06,1.0169,-0.84,-19996.52,-226905.73,297679.84,0.3173,0.0585,0.8333,3,-0.0169,0.1592,129.5,35.17,0.2619,0.7351,0.5413,0.0585,0.0932
MSME340,Zaira Family Dhaba,Restaurant,1159574.66,1121146.3,0.9669,14.35,536437.3,37337.2,944804.41,0.0812,-0.0022,1.0,0,0.0331,0.1088,140.17,50.25,0.3494,0.7317,0.5493,-0.0022,0.5435
MSME341,Royal Freight Services,Logistics Company,2280950.84,2213282.32,0.9703,11.69,862344.11,19531.88,1538126.19,0.1947,-0.162,1.0,0,0.0297,0.0872,87.58,55.17,0.0482,0.7111,0.4916,-0.162,0.5169
MSME342,Royal Textiles,Textile Shop,939972.88,879749.41,0.9359,15.28,448084.87,17399.01,1071869.52,0.0985,0.0502,1.0,0,0.0641,0.0949,99.5,35.17,0.2687,0.6877,0.67,0.0502,0.5528
MSME343,Star Cafe,Cafe,745746.25,773941.31,1.0378,-7.09,-182804.33,-416619.12,164983.56,0.2043,0.2137,0.5833,4,-0.0378,0.2039,140.67,37.08,0.2096,0.8034,0.5979,0.2137,0.0356
MSME344,Royal Dairy,Dairy,1203716.41,1196560.8,0.9941,6.58,262456.02,13067.59,549878.31,0.112,-0.0481,1.0,0,0.0059,0.0698,140.92,51.92,0.5563,0.6132,0.5258,-0.0481,0.4658
MSME345,Royal Roadways,Transport Service,870919.45,894314.31,1.0269,1.59,47365.28,-342619.67,443642.2,0.1306,0.3065,1.0,0,-0.0269,0.1333,96.92,47.67,0.209,0.6904,0.6347,0.3065,0.1535
MSME346,Star Pharmacy,Pharmacy,996835.1,851720.0,0.8544,35.66,1012396.36,44118.04,1941850.28,0.0266,-0.0101,1.0,0,0.1456,0.0515,138.5,36.33,0.3085,0.7436,0.6104,-0.0101,0.7566
MSME347,Shree Fabrics,Textile Shop,1959964.63,1557961.57,0.7949,46.27,2403154.09,175685.69,5199561.37,0.1575,0.3,1.0,0,0.2051,0.0,107.0,37.42,0.2363,0.7136,0.6828,0.3,0.8627
MSME348,Om Sai Coffee House,Cafe,529153.56,482067.55,0.911,23.27,373995.51,9931.2,763565.54,0.0649,-0.0436,1.0,0,0.089,0.0,140.0,34.33,0.2393,0.7643,0.5742,-0.0436,0.6327
MSME349,Star Garments,Garment Store,797185.64,845836.69,1.061,-4.2,-118396.76,-405316.26,297009.83,0.3168,-0.153,0.5,5,-0.061,0.1776,136.75,38.25,0.274,0.7636,0.4216,-0.153,0.0629
MSME350,Balaji Textiles,Textile Shop,1165417.41,1199353.17,1.0291,-0.91,-36464.65,-564712.06,504831.37,0.1718,0.3363,1.0,0,-0.0291,0.1909,116.0,40.75,0.2339,0.7264,0.6141,0.3363,0.0956
MSME351,Bengaluru General Store,Grocery Store,827193.89,841600.34,1.0174,-1.97,-55139.98,-213734.82,259476.91,0.1893,0.2417,0.8333,3,-0.0174,0.1996,138.25,37.83,0.482,0.6574,0.6054,0.2417,0.0809
MSME352,Annapurna Fashions,Garment Store,524080.7,449132.17,0.857,67.06,1003962.29,431405.43,1425283.3,0.3738,-0.247,0.75,0,0.143,0.0,127.0,38.08,0.2954,0.7027,0.436,-0.247,1.0
MSME353,Ganesh Hardware,Hardware Store,806046.29,795822.3,0.9873,9.49,251719.43,14710.54,521255.4,0.1758,0.1081,1.0,0,0.0127,0.0893,126.58,36.0,0.2779,0.7027,0.6159,0.1081,0.4949
MSME354,Star Sanitary & Hardware,Hardware Store,958264.61,925716.27,0.966,13.37,412474.45,22090.08,855446.72,0.1814,0.207,1.0,0,0.034,0.0883,126.75,42.5,0.2814,0.7115,0.6195,0.207,0.5337
MSME355,Delhi Logistics,Logistics Company,963638.49,870494.82,0.9033,23.9,693468.76,21538.02,1341519.01,0.2126,0.004,1.0,0,0.0967,0.0,93.83,45.67,0.0497,0.6886,0.6227,0.004,0.639
MSME356,Anita Grocery Store #356,Grocery Store,917379.67,844726.7,0.9208,19.37,545524.13,4865.05,1011963.43,0.0982,-0.0659,1.0,0,0.0792,0.0536,138.0,38.58,0.5428,0.6056,0.5547,-0.0659,0.5937
MSME357,Warangal General Store,Grocery Store,401114.14,403039.12,1.0048,9.66,129752.65,13139.14,266154.72,0.259,-0.1158,1.0,0,-0.0048,0.0922,136.75,38.33,0.548,0.6056,0.4505,-0.1158,0.4966
MSME358,Annapurna Family Dhaba,Restaurant,1231942.26,1222758.39,0.9925,8.03,327410.78,32970.19,751485.56,0.0843,0.0324,1.0,0,0.0075,0.0853,140.42,47.75,0.3343,0.7422,0.6601,0.0324,0.4803
MSME359,Sri Bakery,Bakery,417854.67,412339.42,0.9868,9.6,131995.43,4422.77,264032.58,0.0867,0.0352,1.0,0,0.0132,0.0837,138.75,38.33,0.4878,0.6665,0.6606,0.0352,0.496
MSME360,Ganesh Offset Press,Printing Press,659340.02,633501.46,0.9608,12.53,264603.54,-64554.56,525283.54,0.1314,-0.1933,0.9167,0,0.0392,0.1105,86.5,39.5,0.0992,0.7679,0.5261,-0.1933,0.4499
MSME361,Annapurna Pharmacy,Pharmacy,1089401.54,1157316.89,1.0623,-4.99,-192478.77,-579757.05,570411.58,0.1439,0.0788,0.9167,6,-0.0623,0.2348,140.58,39.92,0.2513,0.7926,0.6281,0.0788,0.0508
MSME362,Delhi Bistro,Cafe,390736.19,392869.69,1.0055,9.88,129393.58,12492.41,306150.03,0.2312,0.0014,1.0,0,-0.0055,0.2305,140.67,40.67,0.1956,0.8154,0.5844,0.0014,0.4988
MSME363,Bharat Tools,Hardware Store,615448.42,561274.62,0.912,25.07,469088.84,107153.58,924556.36,0.1768,0.3271,1.0,0,0.088,0.0,131.25,37.08,0.2966,0.7002,0.638,0.3271,0.6507
MSME364,Shree Service Point,Automobile Workshop,573387.22,568271.08,0.9911,10.3,195160.35,18391.96,428493.69,0.0785,0.0266,1.0,0,0.0089,0.1124,131.25,48.17,0.3713,0.694,0.6634,0.0266,0.503
MSME365,New Freight Services,Logistics Company,1958298.82,2053757.96,1.0487,-1.87,-128171.0,-670370.32,1207063.17,0.2979,0.1658,0.5833,5,-0.0487,0.3202,95.25,51.17,0.034,0.769,0.5511,0.1658,0.0821
MSME366,Om Sai Medi Store,Pharmacy,802785.97,869551.98,1.0832,-8.12,-235387.08,-553434.24,472165.69,0.1931,-0.3255,0.8333,0,-0.0832,0.2234,137.75,40.08,0.2798,0.7863,0.4834,-0.3255,0.0228
MSME367,Bharat Apparels,Garment Store,519286.02,451812.15,0.8701,47.29,712261.27,271788.99,1169885.17,0.1541,-0.1117,1.0,0,0.1299,0.0,120.58,34.0,0.2986,0.7126,0.5419,-0.1117,0.8729
MSME368,Bharat Electronics,Electronics Shop,1418004.26,1474979.17,1.0402,-7.42,-364689.41,-654833.79,529262.38,0.2028,0.2291,0.9167,3,-0.0402,0.3152,121.08,39.33,0.1207,0.8421,0.5986,0.2291,0.0317
MSME369,Bharat Bistro,Cafe,270511.73,261338.72,0.9661,13.62,118608.61,21638.04,232817.85,0.0461,-0.008,1.0,0,0.0339,0.0,140.0,40.25,0.2427,0.7671,0.5671,-0.008,0.5362
MSME370,Star Products,Manufacturing Unit,1201013.93,1233835.91,1.0273,9.6,394848.78,27382.34,869068.19,0.166,0.0313,1.0,0,-0.0273,0.1828,87.5,41.17,0.0464,0.7676,0.617,0.0313,0.496
MSME371,Warangal Bakers,Bakery,311469.98,283953.4,0.9117,23.0,217679.67,38139.57,427343.71,0.2028,0.1918,1.0,0,0.0883,0.0,140.0,32.67,0.4864,0.6402,0.6251,0.1918,0.63
MSME372,Star Home Appliances,Electronics Shop,1378049.84,1239278.23,0.8993,21.3,879688.57,7596.21,1803664.01,0.2184,-0.0127,1.0,0,0.1007,0.0,111.33,36.33,0.1533,0.7897,0.501,-0.0127,0.613
MSME373,Sri Medicals,Medical Shop,823473.69,766329.97,0.9306,20.34,519563.39,22703.34,847757.65,0.0791,-0.0397,1.0,0,0.0694,0.0835,131.92,36.08,0.3598,0.7236,0.5613,-0.0397,0.6034
MSME374,Bharat Textiles,Textile Shop,1755949.78,1579846.73,0.8997,27.61,1453740.3,216908.82,2747374.03,0.1545,0.1846,1.0,0,0.1003,0.0803,103.92,43.33,0.2414,0.7004,0.6529,0.1846,0.6761
MSME375,Jaipur Garments,Garment Store,677815.92,639591.5,0.9436,19.7,420045.38,17032.54,731284.69,0.2759,-0.0258,1.0,0,0.0564,0.0933,125.67,42.92,0.2825,0.7365,0.459,-0.0258,0.597
MSME376,Shree Hotel,Hotel,653915.34,657231.53,1.0051,8.61,188656.41,11931.51,402196.5,0.212,-0.0819,1.0,0,-0.0051,0.1456,128.0,43.0,0.2426,0.7739,0.474,-0.0819,0.4861
MSME377,Royal Fashions,Garment Store,1255690.29,1293360.41,1.03,-0.15,-6292.36,-337280.75,417622.42,0.2249,0.1794,0.5,7,-0.03,0.1783,128.0,39.42,0.2933,0.7308,0.5875,0.1794,0.1062
MSME378,New Motors,Automobile Workshop,535708.84,541722.81,1.0112,-0.84,-15116.94,-168065.84,240898.62,0.2251,-0.223,0.9167,0,-0.0112,0.1285,128.08,48.42,0.3427,0.6986,0.4675,-0.223,0.1104
MSME379,Annapurna Carriers,Transport Service,1073373.54,1066871.86,0.9939,12.02,427488.39,26061.19,783386.86,0.0808,-0.0198,1.0,0,0.0061,0.1008,96.67,50.67,0.1985,0.6815,0.5414,-0.0198,0.5202
MSME380,Balaji Kitchen,Restaurant,986451.14,983210.34,0.9967,-0.14,-4487.35,-231986.08,336537.24,0.0829,-0.0034,0.6667,2,0.0033,0.1059,140.75,50.08,0.3409,0.7368,0.5395,-0.0034,0.1064
MSME381,New Mobile World,Mobile Shop,753328.55,822527.05,1.0919,-15.43,-422992.15,-675809.75,292950.83,0.2785,0.1942,0.6667,4,-0.0919,0.3641,124.92,37.58,0.1522,0.8408,0.5608,0.1942,0.0
MSME382,Radha Infra,Construction Contractor,1716041.49,1771203.04,1.0321,9.49,560345.96,24608.37,1221698.74,0.2839,0.0572,1.0,0,-0.0321,0.1571,56.92,45.58,0.0971,0.7422,0.558,0.0572,0.4949
MSME383,Annapurna Printers,Printing Press,853955.22,827413.03,0.9689,15.4,424632.67,13833.29,872784.18,0.1195,-0.0903,1.0,0,0.0311,0.0989,78.75,40.0,0.1125,0.7701,0.5296,-0.0903,0.554
MSME384,Neha Confectionery,Bakery,384270.59,387669.86,1.0088,8.64,111608.39,7937.47,253083.69,0.1813,0.21,1.0,0,-0.0088,0.1305,137.83,41.42,0.4456,0.6708,0.6093,0.21,0.4864
MSME385,Shree Offset Press,Printing Press,956786.18,802284.42,0.8385,39.61,1059338.49,73058.91,2166375.7,0.109,0.04,1.0,0,0.1615,0.0,93.42,35.83,0.0951,0.7658,0.694,0.04,0.7961
MSME386,Krishna Fashions,Garment Store,734254.06,616202.21,0.8392,53.84,1105905.66,329812.53,1915512.5,0.0918,-0.0183,1.0,0,0.1608,0.0,128.67,32.83,0.3153,0.6987,0.5823,-0.0183,0.9384
MSME387,Shree Fashions,Garment Store,489466.95,470286.28,0.9608,14.72,230758.49,13042.17,389476.31,0.216,-0.0919,1.0,0,0.0392,0.1017,128.75,36.0,0.29,0.7223,0.4838,-0.0919,0.5472
MSME388,Karthik Motors,Automobile Workshop,398427.02,427482.39,1.0729,-8.05,-114676.93,-250895.58,207628.24,0.1978,-0.0021,0.4167,4,-0.0729,0.2003,127.33,46.5,0.2898,0.7424,0.4811,-0.0021,0.0255
MSME389,Ganesh Restaurant,Restaurant,1271274.5,1218884.36,0.9588,9.55,388065.92,11857.3,927098.78,0.0517,0.0623,1.0,0,0.0412,0.0644,140.08,49.75,0.3262,0.7255,0.6865,0.0623,0.4955
MSME390,Star Doodh Bhandar,Dairy,771958.98,778198.4,1.0081,6.33,164313.31,10674.06,362045.49,0.0875,-0.0834,1.0,0,-0.0081,0.1361,140.58,44.58,0.5261,0.6155,0.5362,-0.0834,0.4633
MSME391,Bharat Manufacturing,Manufacturing Unit,2161865.02,1866324.96,0.8633,34.68,2157453.0,17515.84,4267659.12,0.1342,0.0466,1.0,0,0.1367,0.0,96.67,39.67,0.0491,0.7207,0.6739,0.0466,0.7468
MSME392,Star Constructions,Construction Contractor,1173066.99,1156051.6,0.9855,9.97,384339.53,23832.48,885328.55,0.1603,0.1904,1.0,0,0.0145,0.222,65.5,44.0,0.0964,0.7525,0.6242,0.1904,0.4997
MSME393,Star Bakery,Bakery,380820.23,410500.71,1.0779,-4.8,-65622.47,-147889.06,273259.23,0.2911,-0.2064,0.6667,0,-0.0779,0.2629,136.83,34.92,0.4099,0.7086,0.4345,-0.2064,0.0535
MSME394,Pooja Restaurant,Restaurant,1097937.14,1164445.77,1.0606,-8.62,-334693.6,-724581.51,551518.03,0.1735,-0.1963,0.8333,0,-0.0606,0.2316,140.58,45.92,0.3009,0.7775,0.4933,-0.1963,0.014
MSME395,Annapurna Tools,Hardware Store,796548.37,730220.27,0.9167,20.06,488181.14,32290.82,929759.58,0.155,0.1516,1.0,0,0.0833,0.0446,122.5,37.58,0.3087,0.6897,0.6475,0.1516,0.6006
MSME396,Shree Health Care,Medical Shop,766122.08,646440.73,0.8438,44.7,963299.11,133780.95,1791716.18,0.0235,0.0002,1.0,0,0.1562,0.0,120.42,34.25,0.3418,0.7019,0.7351,0.0002,0.847
MSME397,Sri Service Point,Automobile Workshop,953992.17,970388.42,1.0172,0.62,20175.64,-204714.84,292495.55,0.0928,0.043,0.75,4,-0.0172,0.2206,135.25,49.33,0.3277,0.7205,0.6536,0.043,0.1063
MSME398,Shree Tools,Hardware Store,491701.83,443199.56,0.9014,32.96,486855.46,153410.01,867474.46,0.1479,0.1749,1.0,0,0.0986,0.0,131.0,34.25,0.3255,0.6657,0.6557,0.1749,0.7296
MSME399,Nagpur Kirana,Grocery Store,890596.46,899662.17,1.0102,2.44,73114.86,-175966.68,329262.86,0.2586,-0.0805,0.75,3,-0.0102,0.0862,137.0,37.08,0.5402,0.59,0.4507,-0.0805,0.1249
MSME400,Ganesh Sanitary & Hardware,Hardware Store,1109483.98,1041045.18,0.9383,17.84,619208.47,41537.65,1132018.71,0.1405,0.1759,1.0,0,0.0617,0.07,137.58,35.92,0.2942,0.7016,0.6482,0.1759,0.5784
MSME401,Sunita Confectionery,Bakery,449783.71,457833.36,1.0179,-1.7,-25904.51,-130524.6,101033.19,0.1429,0.2009,1.0,0,-0.0179,0.1599,140.17,39.75,0.4527,0.6768,0.6286,0.2009,0.086
MSME402,Annapurna Mobiles,Mobile Shop,1129830.97,1136118.44,1.0056,6.96,263638.34,25422.77,596202.35,0.1858,-0.0732,1.0,0,-0.0056,0.1061,99.42,40.42,0.1789,0.8254,0.4871,-0.0732,0.4696
MSME403,Naveen Medi Plus,Medical Shop,480377.44,454340.08,0.9458,14.99,226950.84,22452.6,442803.79,0.0314,-0.0383,1.0,0,0.0542,0.06,131.33,38.08,0.3547,0.699,0.5805,-0.0383,0.5499
MSME404,Ramesh Cargo Movers,Logistics Company,2115454.62,2025163.64,0.9573,13.36,901746.61,51094.1,1673197.98,0.2116,-0.1253,1.0,0,0.0427,0.0663,92.58,51.83,0.0467,0.7289,0.487,-0.1253,0.5336
MSME405,Sri Interiors,Furniture Manufacturer,1370793.26,1163663.54,0.8489,41.98,1628365.87,36376.63,2840976.76,0.2113,-0.1196,1.0,0,0.1511,0.0,96.83,39.5,0.1027,0.7236,0.5197,-0.1196,0.8198
MSME406,Sanjay Bakers,Bakery,519907.35,518923.61,0.9981,10.31,178389.68,8524.63,348020.18,0.2346,-0.0976,1.0,0,0.0019,0.0919,137.17,38.0,0.4996,0.6589,0.4633,-0.0976,0.5031
MSME407,Shree Dairy,Dairy,873398.28,848427.2,0.9714,9.29,262681.06,8925.36,599422.29,0.059,-0.0701,1.0,0,0.0286,0.0541,140.25,45.08,0.6043,0.5848,0.5591,-0.0701,0.4929
MSME408,New Builders,Construction Contractor,2444171.42,2319642.93,0.9491,13.57,1048917.68,56050.21,2210559.41,0.1467,-0.0857,1.0,0,0.0509,0.0572,68.08,38.0,0.1125,0.7108,0.5219,-0.0857,0.5357
MSME409,Anita Kirana,Grocery Store,492603.37,522651.72,1.061,-2.74,-47766.96,-271661.27,237935.12,0.2979,-0.1176,0.8333,0,-0.061,0.1769,139.67,38.75,0.5118,0.6357,0.431,-0.1176,0.0728
MSME410,Om Sai Offset Press,Printing Press,342788.65,329255.78,0.9605,15.19,166707.99,10291.73,277555.93,0.1058,-0.0424,1.0,0,0.0395,0.1086,86.42,34.33,0.0948,0.786,0.5389,-0.0424,0.5519
MSME411,Surat Kirana,Grocery Store,663835.76,660648.35,0.9952,9.55,210371.64,24699.89,486165.2,0.2487,-0.0579,1.0,0,0.0048,0.1382,137.0,35.58,0.5129,0.646,0.4571,-0.0579,0.4955
MSME412,Ganesh Transport,Transport Service,931061.36,817041.72,0.8775,36.74,1000585.67,242594.9,1860785.79,0.1185,0.002,1.0,0,0.1225,0.0,98.33,45.17,0.1921,0.6577,0.6775,0.002,0.7674
MSME413,Balaji Electronics,Electronics Shop,1483449.88,1361579.75,0.9178,23.38,1061093.5,91746.13,2021180.19,0.2504,-0.1182,1.0,0,0.0822,0.0,115.83,35.17,0.1495,0.7829,0.4794,-0.1182,0.6338
MSME414,Balaji Medicals,Medical Shop,811054.88,745592.29,0.9193,24.22,601889.1,100751.69,1105076.76,0.0282,-0.0035,1.0,0,0.0807,0.0652,130.75,33.75,0.3232,0.7331,0.5901,-0.0035,0.6422
MSME415,Patna Provisions,Grocery Store,771918.62,685990.39,0.8887,40.01,914790.57,195796.5,1449410.78,0.1406,-0.0579,1.0,0,0.1113,0.0,138.75,38.83,0.5222,0.5995,0.5431,-0.0579,0.8001
MSME416,Sri Freight Services,Logistics Company,1612872.66,1425857.92,0.884,32.26,1533480.06,116588.41,2680233.06,0.2772,-0.0615,1.0,0,0.116,0.0,89.83,46.5,0.0635,0.6969,0.4762,-0.0615,0.7226
MSME417,Delhi Medicals,Pharmacy,838750.78,788063.06,0.9396,22.48,590421.55,34406.59,980994.29,0.0493,-0.0581,1.0,0,0.0604,0.1193,140.08,37.5,0.3028,0.7592,0.5735,-0.0581,0.6248
MSME418,Sri Medi Store,Pharmacy,809683.11,713794.24,0.8816,31.13,740686.87,13092.9,1391351.43,0.0536,-0.0593,1.0,0,0.1184,0.0648,140.17,39.83,0.2768,0.7594,0.5887,-0.0593,0.7113
MSME419,Balaji Builders,Construction Contractor,1335637.62,1189205.8,0.8904,31.23,1238023.92,263417.18,2338560.57,0.1608,0.0048,1.0,0,0.1096,0.0,64.83,40.67,0.1005,0.715,0.6525,0.0048,0.7123
MSME420,New Infra,Construction Contractor,1603755.62,1532079.62,0.9553,13.47,687784.36,33208.92,1324914.63,0.186,-0.1369,1.0,0,0.0447,0.075,54.75,37.08,0.0764,0.7213,0.5004,-0.1369,0.5347
MSME421,Mysuru Kirana,Grocery Store,442821.08,396667.75,0.8958,38.38,507527.28,106853.75,809479.84,0.2418,-0.1042,1.0,0,0.1042,0.0,140.0,34.42,0.5598,0.5961,0.4904,-0.1042,0.7838
MSME422,Kolkata Family Dhaba,Restaurant,1385125.01,1223719.77,0.8835,31.65,1291150.42,317055.44,2409875.1,0.0598,-0.0186,1.0,0,0.1165,0.0,140.0,47.08,0.3495,0.6902,0.5851,-0.0186,0.7165
MSME423,Krishna Service Point,Automobile Workshop,552404.83,497203.34,0.9001,28.15,466475.09,95535.98,874948.74,0.0882,-0.0757,1.0,0,0.0999,0.0,124.83,45.75,0.3419,0.6743,0.5659,-0.0757,0.6815
MSME424,Star Fashions,Garment Store,1265041.89,1136577.13,0.8985,23.81,902159.3,21271.97,1835316.53,0.0913,-0.0106,1.0,0,0.1015,0.0604,129.42,38.08,0.296,0.7302,0.5648,-0.0106,0.6381
MSME425,Om Sai Hardware,Hardware Store,672419.11,717393.3,1.0669,-1.2,-28705.81,-189478.49,448411.0,0.2643,0.5901,0.75,6,-0.0669,0.3118,131.92,37.0,0.2321,0.7823,0.5679,0.5901,0.0887
